receptor,family,tracer,measure,reference_region,n,age,source,region,region_name,left,right,mean,coverage
"D1","Dopamine","[11C]SCH23390","BPND","cerebellum","13","33 (SD 13)","Kaller S et al., Eur J Nucl Med Mol Imaging 2017","Precentral","Precentral Gyrus","6.0174","6.8468","6.4321","1"
"D1","Dopamine","[11C]SCH23390","BPND","cerebellum","13","33 (SD 13)","Kaller S et al., Eur J Nucl Med Mol Imaging 2017","Frontal_Sup","Superior Frontal Gyrus","6.7943","7.711","7.2526","1"
"D1","Dopamine","[11C]SCH23390","BPND","cerebellum","13","33 (SD 13)","Kaller S et al., Eur J Nucl Med Mol Imaging 2017","Frontal_Sup_Orb","Superior Frontal Gyrus, Orbital","16.3581","15.9406","16.1494","1"
"D1","Dopamine","[11C]SCH23390","BPND","cerebellum","13","33 (SD 13)","Kaller S et al., Eur J Nucl Med Mol Imaging 2017","Frontal_Mid","Middle Frontal Gyrus","8.1163","9.1615","8.6389","1"
"D1","Dopamine","[11C]SCH23390","BPND","cerebellum","13","33 (SD 13)","Kaller S et al., Eur J Nucl Med Mol Imaging 2017","Frontal_Mid_Orb","Middle Frontal Gyrus, Orbital","13.8583","14.5331","14.1957","1"
"D1","Dopamine","[11C]SCH23390","BPND","cerebellum","13","33 (SD 13)","Kaller S et al., Eur J Nucl Med Mol Imaging 2017","Frontal_Inf_Oper","Inferior Frontal Gyrus, Opercular","9.9373","12.1135","11.0254","1"
"D1","Dopamine","[11C]SCH23390","BPND","cerebellum","13","33 (SD 13)","Kaller S et al., Eur J Nucl Med Mol Imaging 2017","Frontal_Inf_Tri","Inferior Frontal Gyrus, Triangular","9.6436","9.3105","9.477","1"
"D1","Dopamine","[11C]SCH23390","BPND","cerebellum","13","33 (SD 13)","Kaller S et al., Eur J Nucl Med Mol Imaging 2017","Frontal_Inf_Orb","Inferior Frontal Gyrus, Orbital","14.3114","12.9974","13.6544","1"
"D1","Dopamine","[11C]SCH23390","BPND","cerebellum","13","33 (SD 13)","Kaller S et al., Eur J Nucl Med Mol Imaging 2017","Rolandic_Oper","Rolandic Operculum","11.9727","13.465","12.7189","1"
"D1","Dopamine","[11C]SCH23390","BPND","cerebellum","13","33 (SD 13)","Kaller S et al., Eur J Nucl Med Mol Imaging 2017","Supp_Motor_Area","Supplementary Motor Area","8.0996","8.1956","8.1476","1"
"D1","Dopamine","[11C]SCH23390","BPND","cerebellum","13","33 (SD 13)","Kaller S et al., Eur J Nucl Med Mol Imaging 2017","Olfactory","Olfactory Cortex","26.9222","25.7901","26.3562","1"
"D1","Dopamine","[11C]SCH23390","BPND","cerebellum","13","33 (SD 13)","Kaller S et al., Eur J Nucl Med Mol Imaging 2017","Frontal_Sup_Medial","Superior Frontal Gyrus, Medial","8.8055","9.4596","9.1326","1"
"D1","Dopamine","[11C]SCH23390","BPND","cerebellum","13","33 (SD 13)","Kaller S et al., Eur J Nucl Med Mol Imaging 2017","Frontal_Med_Orb","Medial Orbitofrontal Cortex","17.1238","18.9563","18.0401","1"
"D1","Dopamine","[11C]SCH23390","BPND","cerebellum","13","33 (SD 13)","Kaller S et al., Eur J Nucl Med Mol Imaging 2017","Rectus","Gyrus Rectus","21.7387","22.1874","21.963","1"
"D1","Dopamine","[11C]SCH23390","BPND","cerebellum","13","33 (SD 13)","Kaller S et al., Eur J Nucl Med Mol Imaging 2017","Insula","Insula","17.5651","19.5667","18.5659","1"
"D1","Dopamine","[11C]SCH23390","BPND","cerebellum","13","33 (SD 13)","Kaller S et al., Eur J Nucl Med Mol Imaging 2017","Cingulum_Ant","Anterior Cingulate","18.9229","17.5729","18.2479","1"
"D1","Dopamine","[11C]SCH23390","BPND","cerebellum","13","33 (SD 13)","Kaller S et al., Eur J Nucl Med Mol Imaging 2017","Cingulum_Mid","Middle Cingulate","16.5562","17.6655","17.1109","1"
"D1","Dopamine","[11C]SCH23390","BPND","cerebellum","13","33 (SD 13)","Kaller S et al., Eur J Nucl Med Mol Imaging 2017","Cingulum_Post","Posterior Cingulate","15.1487","12.1391","13.6439","1"
"D1","Dopamine","[11C]SCH23390","BPND","cerebellum","13","33 (SD 13)","Kaller S et al., Eur J Nucl Med Mol Imaging 2017","Hippocampus","Hippocampus","13.5604","13.0601","13.3103","1"
"D1","Dopamine","[11C]SCH23390","BPND","cerebellum","13","33 (SD 13)","Kaller S et al., Eur J Nucl Med Mol Imaging 2017","ParaHippocampal","Parahippocampal Gyrus","9.539","11.6804","10.6097","1"
"D1","Dopamine","[11C]SCH23390","BPND","cerebellum","13","33 (SD 13)","Kaller S et al., Eur J Nucl Med Mol Imaging 2017","Amygdala","Amygdala","19.2816","20.9534","20.1175","1"
"D1","Dopamine","[11C]SCH23390","BPND","cerebellum","13","33 (SD 13)","Kaller S et al., Eur J Nucl Med Mol Imaging 2017","Heschl","Heschl's Gyrus","18.5905","20.4016","19.496","1"
"D1","Dopamine","[11C]SCH23390","BPND","cerebellum","13","33 (SD 13)","Kaller S et al., Eur J Nucl Med Mol Imaging 2017","Temporal_Sup","Superior Temporal Gyrus","12.6146","13.3206","12.9676","1"
"D1","Dopamine","[11C]SCH23390","BPND","cerebellum","13","33 (SD 13)","Kaller S et al., Eur J Nucl Med Mol Imaging 2017","Temporal_Pole_Sup","Temporal Pole, Superior","7.8844","8.7458","8.3151","1"
"D1","Dopamine","[11C]SCH23390","BPND","cerebellum","13","33 (SD 13)","Kaller S et al., Eur J Nucl Med Mol Imaging 2017","Temporal_Mid","Middle Temporal Gyrus","11.7912","14.5292","13.1602","1"
"D1","Dopamine","[11C]SCH23390","BPND","cerebellum","13","33 (SD 13)","Kaller S et al., Eur J Nucl Med Mol Imaging 2017","Temporal_Pole_Mid","Temporal Pole, Middle","11.4304","11.1461","11.2882","1"
"D1","Dopamine","[11C]SCH23390","BPND","cerebellum","13","33 (SD 13)","Kaller S et al., Eur J Nucl Med Mol Imaging 2017","Temporal_Inf","Inferior Temporal Gyrus","12.8399","14.0938","13.4668","1"
"D1","Dopamine","[11C]SCH23390","BPND","cerebellum","13","33 (SD 13)","Kaller S et al., Eur J Nucl Med Mol Imaging 2017","Postcentral","Postcentral Gyrus","5.4773","6.5581","6.0177","1"
"D1","Dopamine","[11C]SCH23390","BPND","cerebellum","13","33 (SD 13)","Kaller S et al., Eur J Nucl Med Mol Imaging 2017","Parietal_Sup","Superior Parietal Lobule","5.6082","4.8353","5.2217","1"
"D1","Dopamine","[11C]SCH23390","BPND","cerebellum","13","33 (SD 13)","Kaller S et al., Eur J Nucl Med Mol Imaging 2017","Parietal_Inf","Inferior Parietal Lobule","9.6137","10.401","10.0074","1"
"D1","Dopamine","[11C]SCH23390","BPND","cerebellum","13","33 (SD 13)","Kaller S et al., Eur J Nucl Med Mol Imaging 2017","SupraMarginal","Supramarginal Gyrus","8.9917","11.8975","10.4446","1"
"D1","Dopamine","[11C]SCH23390","BPND","cerebellum","13","33 (SD 13)","Kaller S et al., Eur J Nucl Med Mol Imaging 2017","Angular","Angular Gyrus","10.2814","10.7262","10.5038","1"
"D1","Dopamine","[11C]SCH23390","BPND","cerebellum","13","33 (SD 13)","Kaller S et al., Eur J Nucl Med Mol Imaging 2017","Precuneus","Precuneus","11.0808","11.6798","11.3803","1"
"D1","Dopamine","[11C]SCH23390","BPND","cerebellum","13","33 (SD 13)","Kaller S et al., Eur J Nucl Med Mol Imaging 2017","Paracentral_Lobule","Paracentral Lobule","4.3623","5.8542","5.1082","1"
"D1","Dopamine","[11C]SCH23390","BPND","cerebellum","13","33 (SD 13)","Kaller S et al., Eur J Nucl Med Mol Imaging 2017","Calcarine","Calcarine Cortex","14.5655","13.344","13.9547","1"
"D1","Dopamine","[11C]SCH23390","BPND","cerebellum","13","33 (SD 13)","Kaller S et al., Eur J Nucl Med Mol Imaging 2017","Cuneus","Cuneus","11.5542","11.0969","11.3256","1"
"D1","Dopamine","[11C]SCH23390","BPND","cerebellum","13","33 (SD 13)","Kaller S et al., Eur J Nucl Med Mol Imaging 2017","Lingual","Lingual Gyrus","14.6245","13.1187","13.8716","1"
"D1","Dopamine","[11C]SCH23390","BPND","cerebellum","13","33 (SD 13)","Kaller S et al., Eur J Nucl Med Mol Imaging 2017","Occipital_Sup","Superior Occipital Gyrus","7.3888","6.599","6.9939","1"
"D1","Dopamine","[11C]SCH23390","BPND","cerebellum","13","33 (SD 13)","Kaller S et al., Eur J Nucl Med Mol Imaging 2017","Occipital_Mid","Middle Occipital Gyrus","8.7462","8.9889","8.8675","1"
"D1","Dopamine","[11C]SCH23390","BPND","cerebellum","13","33 (SD 13)","Kaller S et al., Eur J Nucl Med Mol Imaging 2017","Occipital_Inf","Inferior Occipital Gyrus","10.2442","8.6849","9.4645","1"
"D1","Dopamine","[11C]SCH23390","BPND","cerebellum","13","33 (SD 13)","Kaller S et al., Eur J Nucl Med Mol Imaging 2017","Fusiform","Fusiform Gyrus","15.522","16.1145","15.8182","1"
"D1","Dopamine","[11C]SCH23390","BPND","cerebellum","13","33 (SD 13)","Kaller S et al., Eur J Nucl Med Mol Imaging 2017","Caudate","Caudate Nucleus","32.9231","36.2108","34.5669","1"
"D1","Dopamine","[11C]SCH23390","BPND","cerebellum","13","33 (SD 13)","Kaller S et al., Eur J Nucl Med Mol Imaging 2017","Putamen","Putamen","58.4705","55.5303","57.0004","1"
"D1","Dopamine","[11C]SCH23390","BPND","cerebellum","13","33 (SD 13)","Kaller S et al., Eur J Nucl Med Mol Imaging 2017","Pallidum","Globus Pallidus","46.4416","47.1586","46.8001","1"
"D1","Dopamine","[11C]SCH23390","BPND","cerebellum","13","33 (SD 13)","Kaller S et al., Eur J Nucl Med Mol Imaging 2017","Thalamus","Thalamus","12.3609","13.2016","12.7812","1"
"D2","Dopamine","[18F]fallypride","BPND","cerebellum","49","18.4 (SD 0.6)","Jaworska N et al., Neuropsychopharmacology 2020","Precentral","Precentral Gyrus","0.5715","0.5422","0.5568","1"
"D2","Dopamine","[18F]fallypride","BPND","cerebellum","49","18.4 (SD 0.6)","Jaworska N et al., Neuropsychopharmacology 2020","Frontal_Sup","Superior Frontal Gyrus","0.5807","0.6004","0.5906","1"
"D2","Dopamine","[18F]fallypride","BPND","cerebellum","49","18.4 (SD 0.6)","Jaworska N et al., Neuropsychopharmacology 2020","Frontal_Sup_Orb","Superior Frontal Gyrus, Orbital","0.9123","0.8561","0.8842","1"
"D2","Dopamine","[18F]fallypride","BPND","cerebellum","49","18.4 (SD 0.6)","Jaworska N et al., Neuropsychopharmacology 2020","Frontal_Mid","Middle Frontal Gyrus","0.6782","0.6727","0.6754","1"
"D2","Dopamine","[18F]fallypride","BPND","cerebellum","49","18.4 (SD 0.6)","Jaworska N et al., Neuropsychopharmacology 2020","Frontal_Mid_Orb","Middle Frontal Gyrus, Orbital","0.8199","0.8589","0.8394","1"
"D2","Dopamine","[18F]fallypride","BPND","cerebellum","49","18.4 (SD 0.6)","Jaworska N et al., Neuropsychopharmacology 2020","Frontal_Inf_Oper","Inferior Frontal Gyrus, Opercular","0.7823","0.7533","0.7678","1"
"D2","Dopamine","[18F]fallypride","BPND","cerebellum","49","18.4 (SD 0.6)","Jaworska N et al., Neuropsychopharmacology 2020","Frontal_Inf_Tri","Inferior Frontal Gyrus, Triangular","0.7294","0.6404","0.6849","1"
"D2","Dopamine","[18F]fallypride","BPND","cerebellum","49","18.4 (SD 0.6)","Jaworska N et al., Neuropsychopharmacology 2020","Frontal_Inf_Orb","Inferior Frontal Gyrus, Orbital","0.8738","0.813","0.8434","1"
"D2","Dopamine","[18F]fallypride","BPND","cerebellum","49","18.4 (SD 0.6)","Jaworska N et al., Neuropsychopharmacology 2020","Rolandic_Oper","Rolandic Operculum","1.0141","0.9627","0.9884","1"
"D2","Dopamine","[18F]fallypride","BPND","cerebellum","49","18.4 (SD 0.6)","Jaworska N et al., Neuropsychopharmacology 2020","Supp_Motor_Area","Supplementary Motor Area","0.5989","0.5596","0.5792","1"
"D2","Dopamine","[18F]fallypride","BPND","cerebellum","49","18.4 (SD 0.6)","Jaworska N et al., Neuropsychopharmacology 2020","Olfactory","Olfactory Cortex","4.3809","4.2338","4.3073","1"
"D2","Dopamine","[18F]fallypride","BPND","cerebellum","49","18.4 (SD 0.6)","Jaworska N et al., Neuropsychopharmacology 2020","Frontal_Sup_Medial","Superior Frontal Gyrus, Medial","0.6539","0.6714","0.6627","1"
"D2","Dopamine","[18F]fallypride","BPND","cerebellum","49","18.4 (SD 0.6)","Jaworska N et al., Neuropsychopharmacology 2020","Frontal_Med_Orb","Medial Orbitofrontal Cortex","0.7551","0.7967","0.7759","1"
"D2","Dopamine","[18F]fallypride","BPND","cerebellum","49","18.4 (SD 0.6)","Jaworska N et al., Neuropsychopharmacology 2020","Rectus","Gyrus Rectus","1.215","1.3566","1.2858","1"
"D2","Dopamine","[18F]fallypride","BPND","cerebellum","49","18.4 (SD 0.6)","Jaworska N et al., Neuropsychopharmacology 2020","Insula","Insula","2.1248","1.7891","1.957","1"
"D2","Dopamine","[18F]fallypride","BPND","cerebellum","49","18.4 (SD 0.6)","Jaworska N et al., Neuropsychopharmacology 2020","Cingulum_Ant","Anterior Cingulate","0.8902","0.8317","0.861","1"
"D2","Dopamine","[18F]fallypride","BPND","cerebellum","49","18.4 (SD 0.6)","Jaworska N et al., Neuropsychopharmacology 2020","Cingulum_Mid","Middle Cingulate","0.8453","0.7916","0.8184","1"
"D2","Dopamine","[18F]fallypride","BPND","cerebellum","49","18.4 (SD 0.6)","Jaworska N et al., Neuropsychopharmacology 2020","Cingulum_Post","Posterior Cingulate","0.6054","0.3956","0.5005","1"
"D2","Dopamine","[18F]fallypride","BPND","cerebellum","49","18.4 (SD 0.6)","Jaworska N et al., Neuropsychopharmacology 2020","Hippocampus","Hippocampus","1.9017","1.8579","1.8798","1"
"D2","Dopamine","[18F]fallypride","BPND","cerebellum","49","18.4 (SD 0.6)","Jaworska N et al., Neuropsychopharmacology 2020","ParaHippocampal","Parahippocampal Gyrus","1.0912","1.1684","1.1298","1"
"D2","Dopamine","[18F]fallypride","BPND","cerebellum","49","18.4 (SD 0.6)","Jaworska N et al., Neuropsychopharmacology 2020","Amygdala","Amygdala","3.6263","3.6204","3.6234","1"
"D2","Dopamine","[18F]fallypride","BPND","cerebellum","49","18.4 (SD 0.6)","Jaworska N et al., Neuropsychopharmacology 2020","Heschl","Heschl's Gyrus","1.2257","1.1038","1.1647","1"
"D2","Dopamine","[18F]fallypride","BPND","cerebellum","49","18.4 (SD 0.6)","Jaworska N et al., Neuropsychopharmacology 2020","Temporal_Sup","Superior Temporal Gyrus","1.2456","1.1346","1.1901","1"
"D2","Dopamine","[18F]fallypride","BPND","cerebellum","49","18.4 (SD 0.6)","Jaworska N et al., Neuropsychopharmacology 2020","Temporal_Pole_Sup","Temporal Pole, Superior","1.2634","1.1791","1.2213","1"
"D2","Dopamine","[18F]fallypride","BPND","cerebellum","49","18.4 (SD 0.6)","Jaworska N et al., Neuropsychopharmacology 2020","Temporal_Mid","Middle Temporal Gyrus","1.2894","1.2493","1.2693","1"
"D2","Dopamine","[18F]fallypride","BPND","cerebellum","49","18.4 (SD 0.6)","Jaworska N et al., Neuropsychopharmacology 2020","Temporal_Pole_Mid","Temporal Pole, Middle","1.4205","1.2375","1.329","1"
"D2","Dopamine","[18F]fallypride","BPND","cerebellum","49","18.4 (SD 0.6)","Jaworska N et al., Neuropsychopharmacology 2020","Temporal_Inf","Inferior Temporal Gyrus","1.3976","1.3065","1.3521","1"
"D2","Dopamine","[18F]fallypride","BPND","cerebellum","49","18.4 (SD 0.6)","Jaworska N et al., Neuropsychopharmacology 2020","Postcentral","Postcentral Gyrus","0.6906","0.6565","0.6736","1"
"D2","Dopamine","[18F]fallypride","BPND","cerebellum","49","18.4 (SD 0.6)","Jaworska N et al., Neuropsychopharmacology 2020","Parietal_Sup","Superior Parietal Lobule","0.7624","0.7375","0.75","1"
"D2","Dopamine","[18F]fallypride","BPND","cerebellum","49","18.4 (SD 0.6)","Jaworska N et al., Neuropsychopharmacology 2020","Parietal_Inf","Inferior Parietal Lobule","0.9632","0.9665","0.9648","1"
"D2","Dopamine","[18F]fallypride","BPND","cerebellum","49","18.4 (SD 0.6)","Jaworska N et al., Neuropsychopharmacology 2020","SupraMarginal","Supramarginal Gyrus","1.0978","1.0158","1.0568","1"
"D2","Dopamine","[18F]fallypride","BPND","cerebellum","49","18.4 (SD 0.6)","Jaworska N et al., Neuropsychopharmacology 2020","Angular","Angular Gyrus","1.0301","0.9636","0.9969","1"
"D2","Dopamine","[18F]fallypride","BPND","cerebellum","49","18.4 (SD 0.6)","Jaworska N et al., Neuropsychopharmacology 2020","Precuneus","Precuneus","0.7758","0.758","0.7669","1"
"D2","Dopamine","[18F]fallypride","BPND","cerebellum","49","18.4 (SD 0.6)","Jaworska N et al., Neuropsychopharmacology 2020","Paracentral_Lobule","Paracentral Lobule","0.4539","0.4933","0.4736","1"
"D2","Dopamine","[18F]fallypride","BPND","cerebellum","49","18.4 (SD 0.6)","Jaworska N et al., Neuropsychopharmacology 2020","Calcarine","Calcarine Cortex","0.6048","0.532","0.5684","1"
"D2","Dopamine","[18F]fallypride","BPND","cerebellum","49","18.4 (SD 0.6)","Jaworska N et al., Neuropsychopharmacology 2020","Cuneus","Cuneus","0.7617","0.7058","0.7337","1"
"D2","Dopamine","[18F]fallypride","BPND","cerebellum","49","18.4 (SD 0.6)","Jaworska N et al., Neuropsychopharmacology 2020","Lingual","Lingual Gyrus","0.695","0.668","0.6815","1"
"D2","Dopamine","[18F]fallypride","BPND","cerebellum","49","18.4 (SD 0.6)","Jaworska N et al., Neuropsychopharmacology 2020","Occipital_Sup","Superior Occipital Gyrus","0.6689","0.6895","0.6792","1"
"D2","Dopamine","[18F]fallypride","BPND","cerebellum","49","18.4 (SD 0.6)","Jaworska N et al., Neuropsychopharmacology 2020","Occipital_Mid","Middle Occipital Gyrus","0.7896","0.8192","0.8044","1"
"D2","Dopamine","[18F]fallypride","BPND","cerebellum","49","18.4 (SD 0.6)","Jaworska N et al., Neuropsychopharmacology 2020","Occipital_Inf","Inferior Occipital Gyrus","0.8878","0.7693","0.8286","1"
"D2","Dopamine","[18F]fallypride","BPND","cerebellum","49","18.4 (SD 0.6)","Jaworska N et al., Neuropsychopharmacology 2020","Fusiform","Fusiform Gyrus","1.1402","1.0979","1.1191","1"
"D2","Dopamine","[18F]fallypride","BPND","cerebellum","49","18.4 (SD 0.6)","Jaworska N et al., Neuropsychopharmacology 2020","Caudate","Caudate Nucleus","10.3503","10.475","10.4127","1"
"D2","Dopamine","[18F]fallypride","BPND","cerebellum","49","18.4 (SD 0.6)","Jaworska N et al., Neuropsychopharmacology 2020","Putamen","Putamen","14.3119","12.7711","13.5415","1"
"D2","Dopamine","[18F]fallypride","BPND","cerebellum","49","18.4 (SD 0.6)","Jaworska N et al., Neuropsychopharmacology 2020","Pallidum","Globus Pallidus","10.7913","12.2172","11.5043","1"
"D2","Dopamine","[18F]fallypride","BPND","cerebellum","49","18.4 (SD 0.6)","Jaworska N et al., Neuropsychopharmacology 2020","Thalamus","Thalamus","3.1703","2.9762","3.0732","1"
"DAT","Dopamine","[123I]FP-CIT SPECT","SUVR","occipital cortex","174","61 (SD 11)","Dukart J et al., Sci Rep 2018 (PPMI healthy controls)","Precentral","Precentral Gyrus","25.2543","25.1743","25.2143","0.81"
"DAT","Dopamine","[123I]FP-CIT SPECT","SUVR","occipital cortex","174","61 (SD 11)","Dukart J et al., Sci Rep 2018 (PPMI healthy controls)","Frontal_Sup","Superior Frontal Gyrus","24.0958","24.5135","24.3047","0.75"
"DAT","Dopamine","[123I]FP-CIT SPECT","SUVR","occipital cortex","174","61 (SD 11)","Dukart J et al., Sci Rep 2018 (PPMI healthy controls)","Frontal_Sup_Orb","Superior Frontal Gyrus, Orbital","27.8966","28.1298","28.0132","0.95"
"DAT","Dopamine","[123I]FP-CIT SPECT","SUVR","occipital cortex","174","61 (SD 11)","Dukart J et al., Sci Rep 2018 (PPMI healthy controls)","Frontal_Mid","Middle Frontal Gyrus","25.2615","25.7628","25.5121","0.78"
"DAT","Dopamine","[123I]FP-CIT SPECT","SUVR","occipital cortex","174","61 (SD 11)","Dukart J et al., Sci Rep 2018 (PPMI healthy controls)","Frontal_Mid_Orb","Middle Frontal Gyrus, Orbital","25.6556","25.6416","25.6486","0.88"
"DAT","Dopamine","[123I]FP-CIT SPECT","SUVR","occipital cortex","174","61 (SD 11)","Dukart J et al., Sci Rep 2018 (PPMI healthy controls)","Frontal_Inf_Oper","Inferior Frontal Gyrus, Opercular","28.5093","28.9884","28.7488","0.86"
"DAT","Dopamine","[123I]FP-CIT SPECT","SUVR","occipital cortex","174","61 (SD 11)","Dukart J et al., Sci Rep 2018 (PPMI healthy controls)","Frontal_Inf_Tri","Inferior Frontal Gyrus, Triangular","27.8894","28.3038","28.0966","0.8"
"DAT","Dopamine","[123I]FP-CIT SPECT","SUVR","occipital cortex","174","61 (SD 11)","Dukart J et al., Sci Rep 2018 (PPMI healthy controls)","Frontal_Inf_Orb","Inferior Frontal Gyrus, Orbital","28.8138","28.9872","28.9005","0.93"
"DAT","Dopamine","[123I]FP-CIT SPECT","SUVR","occipital cortex","174","61 (SD 11)","Dukart J et al., Sci Rep 2018 (PPMI healthy controls)","Rolandic_Oper","Rolandic Operculum","30.6136","30.7171","30.6653","0.95"
"DAT","Dopamine","[123I]FP-CIT SPECT","SUVR","occipital cortex","174","61 (SD 11)","Dukart J et al., Sci Rep 2018 (PPMI healthy controls)","Supp_Motor_Area","Supplementary Motor Area","24.3456","24.2153","24.2805","0.86"
"DAT","Dopamine","[123I]FP-CIT SPECT","SUVR","occipital cortex","174","61 (SD 11)","Dukart J et al., Sci Rep 2018 (PPMI healthy controls)","Olfactory","Olfactory Cortex","49.8374","48.4306","49.134","1"
"DAT","Dopamine","[123I]FP-CIT SPECT","SUVR","occipital cortex","174","61 (SD 11)","Dukart J et al., Sci Rep 2018 (PPMI healthy controls)","Frontal_Sup_Medial","Superior Frontal Gyrus, Medial","24.6646","23.9755","24.32","0.78"
"DAT","Dopamine","[123I]FP-CIT SPECT","SUVR","occipital cortex","174","61 (SD 11)","Dukart J et al., Sci Rep 2018 (PPMI healthy controls)","Frontal_Med_Orb","Medial Orbitofrontal Cortex","27.9333","28.7269","28.3301","0.91"
"DAT","Dopamine","[123I]FP-CIT SPECT","SUVR","occipital cortex","174","61 (SD 11)","Dukart J et al., Sci Rep 2018 (PPMI healthy controls)","Rectus","Gyrus Rectus","31.2234","32.3158","31.7696","0.99"
"DAT","Dopamine","[123I]FP-CIT SPECT","SUVR","occipital cortex","174","61 (SD 11)","Dukart J et al., Sci Rep 2018 (PPMI healthy controls)","Insula","Insula","35.1712","36.0113","35.5913","0.99"
"DAT","Dopamine","[123I]FP-CIT SPECT","SUVR","occipital cortex","174","61 (SD 11)","Dukart J et al., Sci Rep 2018 (PPMI healthy controls)","Cingulum_Ant","Anterior Cingulate","30.7456","30.7041","30.7249","1"
"DAT","Dopamine","[123I]FP-CIT SPECT","SUVR","occipital cortex","174","61 (SD 11)","Dukart J et al., Sci Rep 2018 (PPMI healthy controls)","Cingulum_Mid","Middle Cingulate","30.5311","30.3115","30.4213","1"
"DAT","Dopamine","[123I]FP-CIT SPECT","SUVR","occipital cortex","174","61 (SD 11)","Dukart J et al., Sci Rep 2018 (PPMI healthy controls)","Cingulum_Post","Posterior Cingulate","30.1174","29.8146","29.966","1"
"DAT","Dopamine","[123I]FP-CIT SPECT","SUVR","occipital cortex","174","61 (SD 11)","Dukart J et al., Sci Rep 2018 (PPMI healthy controls)","Hippocampus","Hippocampus","38.8711","37.8253","38.3482","0.99"
"DAT","Dopamine","[123I]FP-CIT SPECT","SUVR","occipital cortex","174","61 (SD 11)","Dukart J et al., Sci Rep 2018 (PPMI healthy controls)","ParaHippocampal","Parahippocampal Gyrus","33.7099","33.1477","33.4288","0.96"
"DAT","Dopamine","[123I]FP-CIT SPECT","SUVR","occipital cortex","174","61 (SD 11)","Dukart J et al., Sci Rep 2018 (PPMI healthy controls)","Amygdala","Amygdala","45.7976","45.6764","45.737","1"
"DAT","Dopamine","[123I]FP-CIT SPECT","SUVR","occipital cortex","174","61 (SD 11)","Dukart J et al., Sci Rep 2018 (PPMI healthy controls)","Heschl","Heschl's Gyrus","31.8955","32.1108","32.0032","0.99"
"DAT","Dopamine","[123I]FP-CIT SPECT","SUVR","occipital cortex","174","61 (SD 11)","Dukart J et al., Sci Rep 2018 (PPMI healthy controls)","Temporal_Sup","Superior Temporal Gyrus","28.5096","29.3248","28.9172","0.93"
"DAT","Dopamine","[123I]FP-CIT SPECT","SUVR","occipital cortex","174","61 (SD 11)","Dukart J et al., Sci Rep 2018 (PPMI healthy controls)","Temporal_Pole_Sup","Temporal Pole, Superior","27.8565","28.718","28.2873","0.68"
"DAT","Dopamine","[123I]FP-CIT SPECT","SUVR","occipital cortex","174","61 (SD 11)","Dukart J et al., Sci Rep 2018 (PPMI healthy controls)","Temporal_Mid","Middle Temporal Gyrus","27.7366","28.9566","28.3466","0.93"
"DAT","Dopamine","[123I]FP-CIT SPECT","SUVR","occipital cortex","174","61 (SD 11)","Dukart J et al., Sci Rep 2018 (PPMI healthy controls)","Temporal_Pole_Mid","Temporal Pole, Middle","28.1329","29.1357","28.6343","0.79"
"DAT","Dopamine","[123I]FP-CIT SPECT","SUVR","occipital cortex","174","61 (SD 11)","Dukart J et al., Sci Rep 2018 (PPMI healthy controls)","Temporal_Inf","Inferior Temporal Gyrus","29.1948","29.094","29.1444","0.97"
"DAT","Dopamine","[123I]FP-CIT SPECT","SUVR","occipital cortex","174","61 (SD 11)","Dukart J et al., Sci Rep 2018 (PPMI healthy controls)","Postcentral","Postcentral Gyrus","25.3403","25.0942","25.2172","0.81"
"DAT","Dopamine","[123I]FP-CIT SPECT","SUVR","occipital cortex","174","61 (SD 11)","Dukart J et al., Sci Rep 2018 (PPMI healthy controls)","Parietal_Sup","Superior Parietal Lobule","22.8679","21.8775","22.3727","0.7"
"DAT","Dopamine","[123I]FP-CIT SPECT","SUVR","occipital cortex","174","61 (SD 11)","Dukart J et al., Sci Rep 2018 (PPMI healthy controls)","Parietal_Inf","Inferior Parietal Lobule","24.6818","24.4071","24.5445","0.89"
"DAT","Dopamine","[123I]FP-CIT SPECT","SUVR","occipital cortex","174","61 (SD 11)","Dukart J et al., Sci Rep 2018 (PPMI healthy controls)","SupraMarginal","Supramarginal Gyrus","26.4022","26.8448","26.6235","0.94"
"DAT","Dopamine","[123I]FP-CIT SPECT","SUVR","occipital cortex","174","61 (SD 11)","Dukart J et al., Sci Rep 2018 (PPMI healthy controls)","Angular","Angular Gyrus","25.4105","25.8641","25.6373","0.92"
"DAT","Dopamine","[123I]FP-CIT SPECT","SUVR","occipital cortex","174","61 (SD 11)","Dukart J et al., Sci Rep 2018 (PPMI healthy controls)","Precuneus","Precuneus","25.978","26.7495","26.3638","0.89"
"DAT","Dopamine","[123I]FP-CIT SPECT","SUVR","occipital cortex","174","61 (SD 11)","Dukart J et al., Sci Rep 2018 (PPMI healthy controls)","Paracentral_Lobule","Paracentral Lobule","22.7067","23.1873","22.947","0.81"
"DAT","Dopamine","[123I]FP-CIT SPECT","SUVR","occipital cortex","174","61 (SD 11)","Dukart J et al., Sci Rep 2018 (PPMI healthy controls)","Calcarine","Calcarine Cortex","28.5885","29.107","28.8477","0.99"
"DAT","Dopamine","[123I]FP-CIT SPECT","SUVR","occipital cortex","174","61 (SD 11)","Dukart J et al., Sci Rep 2018 (PPMI healthy controls)","Cuneus","Cuneus","26.5847","26.1071","26.3459","0.96"
"DAT","Dopamine","[123I]FP-CIT SPECT","SUVR","occipital cortex","174","61 (SD 11)","Dukart J et al., Sci Rep 2018 (PPMI healthy controls)","Lingual","Lingual Gyrus","29.0536","28.8061","28.9298","0.98"
"DAT","Dopamine","[123I]FP-CIT SPECT","SUVR","occipital cortex","174","61 (SD 11)","Dukart J et al., Sci Rep 2018 (PPMI healthy controls)","Occipital_Sup","Superior Occipital Gyrus","25.5588","25.6762","25.6175","0.93"
"DAT","Dopamine","[123I]FP-CIT SPECT","SUVR","occipital cortex","174","61 (SD 11)","Dukart J et al., Sci Rep 2018 (PPMI healthy controls)","Occipital_Mid","Middle Occipital Gyrus","26.1692","26.4914","26.3303","0.96"
"DAT","Dopamine","[123I]FP-CIT SPECT","SUVR","occipital cortex","174","61 (SD 11)","Dukart J et al., Sci Rep 2018 (PPMI healthy controls)","Occipital_Inf","Inferior Occipital Gyrus","27.1301","27.2469","27.1885","0.99"
"DAT","Dopamine","[123I]FP-CIT SPECT","SUVR","occipital cortex","174","61 (SD 11)","Dukart J et al., Sci Rep 2018 (PPMI healthy controls)","Fusiform","Fusiform Gyrus","30.8888","30.5343","30.7116","1"
"DAT","Dopamine","[123I]FP-CIT SPECT","SUVR","occipital cortex","174","61 (SD 11)","Dukart J et al., Sci Rep 2018 (PPMI healthy controls)","Caudate","Caudate Nucleus","52.5105","52.6154","52.563","0.9"
"DAT","Dopamine","[123I]FP-CIT SPECT","SUVR","occipital cortex","174","61 (SD 11)","Dukart J et al., Sci Rep 2018 (PPMI healthy controls)","Putamen","Putamen","61.9228","64.4585","63.1906","1"
"DAT","Dopamine","[123I]FP-CIT SPECT","SUVR","occipital cortex","174","61 (SD 11)","Dukart J et al., Sci Rep 2018 (PPMI healthy controls)","Pallidum","Globus Pallidus","79.0011","73.7562","76.3786","1"
"DAT","Dopamine","[123I]FP-CIT SPECT","SUVR","occipital cortex","174","61 (SD 11)","Dukart J et al., Sci Rep 2018 (PPMI healthy controls)","Thalamus","Thalamus","40.0588","36.7646","38.4117","0.97"
"NET","Noradrenaline","[11C]MRB","BPND","occipital cortex","77","33.4 (SD 9.2)","Ding YS et al., Synapse 2010","Precentral","Precentral Gyrus","0.0411","0.0608","0.051","1"
"NET","Noradrenaline","[11C]MRB","BPND","occipital cortex","77","33.4 (SD 9.2)","Ding YS et al., Synapse 2010","Frontal_Sup","Superior Frontal Gyrus","-0.0932","-0.078","-0.0856","1"
"NET","Noradrenaline","[11C]MRB","BPND","occipital cortex","77","33.4 (SD 9.2)","Ding YS et al., Synapse 2010","Frontal_Sup_Orb","Superior Frontal Gyrus, Orbital","-0.0339","-0.0462","-0.0401","1"
"NET","Noradrenaline","[11C]MRB","BPND","occipital cortex","77","33.4 (SD 9.2)","Ding YS et al., Synapse 2010","Frontal_Mid","Middle Frontal Gyrus","-0.0456","-0.0571","-0.0513","1"
"NET","Noradrenaline","[11C]MRB","BPND","occipital cortex","77","33.4 (SD 9.2)","Ding YS et al., Synapse 2010","Frontal_Mid_Orb","Middle Frontal Gyrus, Orbital","-0.0203","-0.021","-0.0207","1"
"NET","Noradrenaline","[11C]MRB","BPND","occipital cortex","77","33.4 (SD 9.2)","Ding YS et al., Synapse 2010","Frontal_Inf_Oper","Inferior Frontal Gyrus, Opercular","0.0348","0.0367","0.0358","1"
"NET","Noradrenaline","[11C]MRB","BPND","occipital cortex","77","33.4 (SD 9.2)","Ding YS et al., Synapse 2010","Frontal_Inf_Tri","Inferior Frontal Gyrus, Triangular","0.0259","-0.0053","0.0103","1"
"NET","Noradrenaline","[11C]MRB","BPND","occipital cortex","77","33.4 (SD 9.2)","Ding YS et al., Synapse 2010","Frontal_Inf_Orb","Inferior Frontal Gyrus, Orbital","-0.0087","-0.0121","-0.0104","1"
"NET","Noradrenaline","[11C]MRB","BPND","occipital cortex","77","33.4 (SD 9.2)","Ding YS et al., Synapse 2010","Rolandic_Oper","Rolandic Operculum","0.0696","0.1024","0.086","1"
"NET","Noradrenaline","[11C]MRB","BPND","occipital cortex","77","33.4 (SD 9.2)","Ding YS et al., Synapse 2010","Supp_Motor_Area","Supplementary Motor Area","0.0201","0.0584","0.0393","1"
"NET","Noradrenaline","[11C]MRB","BPND","occipital cortex","77","33.4 (SD 9.2)","Ding YS et al., Synapse 2010","Olfactory","Olfactory Cortex","-0.0689","-0.0792","-0.0741","1"
"NET","Noradrenaline","[11C]MRB","BPND","occipital cortex","77","33.4 (SD 9.2)","Ding YS et al., Synapse 2010","Frontal_Sup_Medial","Superior Frontal Gyrus, Medial","-0.0712","-0.085","-0.0781","1"
"NET","Noradrenaline","[11C]MRB","BPND","occipital cortex","77","33.4 (SD 9.2)","Ding YS et al., Synapse 2010","Frontal_Med_Orb","Medial Orbitofrontal Cortex","-0.0375","-0.0067","-0.0221","1"
"NET","Noradrenaline","[11C]MRB","BPND","occipital cortex","77","33.4 (SD 9.2)","Ding YS et al., Synapse 2010","Rectus","Gyrus Rectus","-0.0273","-0.0105","-0.0189","1"
"NET","Noradrenaline","[11C]MRB","BPND","occipital cortex","77","33.4 (SD 9.2)","Ding YS et al., Synapse 2010","Insula","Insula","0.0047","0.0637","0.0342","1"
"NET","Noradrenaline","[11C]MRB","BPND","occipital cortex","77","33.4 (SD 9.2)","Ding YS et al., Synapse 2010","Cingulum_Ant","Anterior Cingulate","0.028","0.0449","0.0365","1"
"NET","Noradrenaline","[11C]MRB","BPND","occipital cortex","77","33.4 (SD 9.2)","Ding YS et al., Synapse 2010","Cingulum_Mid","Middle Cingulate","0.1081","0.0908","0.0995","1"
"NET","Noradrenaline","[11C]MRB","BPND","occipital cortex","77","33.4 (SD 9.2)","Ding YS et al., Synapse 2010","Cingulum_Post","Posterior Cingulate","-0.0569","-0.1253","-0.0911","1"
"NET","Noradrenaline","[11C]MRB","BPND","occipital cortex","77","33.4 (SD 9.2)","Ding YS et al., Synapse 2010","Hippocampus","Hippocampus","-0.0659","-0.0626","-0.0643","1"
"NET","Noradrenaline","[11C]MRB","BPND","occipital cortex","77","33.4 (SD 9.2)","Ding YS et al., Synapse 2010","ParaHippocampal","Parahippocampal Gyrus","-0.1275","-0.0999","-0.1137","1"
"NET","Noradrenaline","[11C]MRB","BPND","occipital cortex","77","33.4 (SD 9.2)","Ding YS et al., Synapse 2010","Amygdala","Amygdala","-0.0402","-0.0115","-0.0259","1"
"NET","Noradrenaline","[11C]MRB","BPND","occipital cortex","77","33.4 (SD 9.2)","Ding YS et al., Synapse 2010","Heschl","Heschl's Gyrus","0.1076","0.1801","0.1439","1"
"NET","Noradrenaline","[11C]MRB","BPND","occipital cortex","77","33.4 (SD 9.2)","Ding YS et al., Synapse 2010","Temporal_Sup","Superior Temporal Gyrus","0.0766","0.0672","0.0719","1"
"NET","Noradrenaline","[11C]MRB","BPND","occipital cortex","77","33.4 (SD 9.2)","Ding YS et al., Synapse 2010","Temporal_Pole_Sup","Temporal Pole, Superior","-0.1744","-0.1578","-0.1661","1"
"NET","Noradrenaline","[11C]MRB","BPND","occipital cortex","77","33.4 (SD 9.2)","Ding YS et al., Synapse 2010","Temporal_Mid","Middle Temporal Gyrus","0.0186","0.0211","0.0199","1"
"NET","Noradrenaline","[11C]MRB","BPND","occipital cortex","77","33.4 (SD 9.2)","Ding YS et al., Synapse 2010","Temporal_Pole_Mid","Temporal Pole, Middle","-0.1792","-0.1743","-0.1767","1"
"NET","Noradrenaline","[11C]MRB","BPND","occipital cortex","77","33.4 (SD 9.2)","Ding YS et al., Synapse 2010","Temporal_Inf","Inferior Temporal Gyrus","-0.0189","0.0072","-0.0059","1"
"NET","Noradrenaline","[11C]MRB","BPND","occipital cortex","77","33.4 (SD 9.2)","Ding YS et al., Synapse 2010","Postcentral","Postcentral Gyrus","0.0796","0.0712","0.0754","1"
"NET","Noradrenaline","[11C]MRB","BPND","occipital cortex","77","33.4 (SD 9.2)","Ding YS et al., Synapse 2010","Parietal_Sup","Superior Parietal Lobule","-0.0491","-0.0708","-0.0599","1"
"NET","Noradrenaline","[11C]MRB","BPND","occipital cortex","77","33.4 (SD 9.2)","Ding YS et al., Synapse 2010","Parietal_Inf","Inferior Parietal Lobule","0.017","-0.0031","0.0069","1"
"NET","Noradrenaline","[11C]MRB","BPND","occipital cortex","77","33.4 (SD 9.2)","Ding YS et al., Synapse 2010","SupraMarginal","Supramarginal Gyrus","0.0634","0.0388","0.0511","1"
"NET","Noradrenaline","[11C]MRB","BPND","occipital cortex","77","33.4 (SD 9.2)","Ding YS et al., Synapse 2010","Angular","Angular Gyrus","0.0212","0.0035","0.0123","1"
"NET","Noradrenaline","[11C]MRB","BPND","occipital cortex","77","33.4 (SD 9.2)","Ding YS et al., Synapse 2010","Precuneus","Precuneus","0.006","-0.0042","0.0009","1"
"NET","Noradrenaline","[11C]MRB","BPND","occipital cortex","77","33.4 (SD 9.2)","Ding YS et al., Synapse 2010","Paracentral_Lobule","Paracentral Lobule","0.1357","0.158","0.1468","1"
"NET","Noradrenaline","[11C]MRB","BPND","occipital cortex","77","33.4 (SD 9.2)","Ding YS et al., Synapse 2010","Calcarine","Calcarine Cortex","0.0184","-0.0116","0.0034","1"
"NET","Noradrenaline","[11C]MRB","BPND","occipital cortex","77","33.4 (SD 9.2)","Ding YS et al., Synapse 2010","Cuneus","Cuneus","0.0313","0.0297","0.0305","1"
"NET","Noradrenaline","[11C]MRB","BPND","occipital cortex","77","33.4 (SD 9.2)","Ding YS et al., Synapse 2010","Lingual","Lingual Gyrus","-0.0375","-0.034","-0.0358","1"
"NET","Noradrenaline","[11C]MRB","BPND","occipital cortex","77","33.4 (SD 9.2)","Ding YS et al., Synapse 2010","Occipital_Sup","Superior Occipital Gyrus","0.0294","0.0193","0.0243","1"
"NET","Noradrenaline","[11C]MRB","BPND","occipital cortex","77","33.4 (SD 9.2)","Ding YS et al., Synapse 2010","Occipital_Mid","Middle Occipital Gyrus","0.0484","0.0254","0.0369","1"
"NET","Noradrenaline","[11C]MRB","BPND","occipital cortex","77","33.4 (SD 9.2)","Ding YS et al., Synapse 2010","Occipital_Inf","Inferior Occipital Gyrus","0.0389","0.0238","0.0313","1"
"NET","Noradrenaline","[11C]MRB","BPND","occipital cortex","77","33.4 (SD 9.2)","Ding YS et al., Synapse 2010","Fusiform","Fusiform Gyrus","-0.0299","-0.0289","-0.0294","1"
"NET","Noradrenaline","[11C]MRB","BPND","occipital cortex","77","33.4 (SD 9.2)","Ding YS et al., Synapse 2010","Caudate","Caudate Nucleus","-0.253","-0.2359","-0.2444","1"
"NET","Noradrenaline","[11C]MRB","BPND","occipital cortex","77","33.4 (SD 9.2)","Ding YS et al., Synapse 2010","Putamen","Putamen","-0.0477","-0.012","-0.0299","1"
"NET","Noradrenaline","[11C]MRB","BPND","occipital cortex","77","33.4 (SD 9.2)","Ding YS et al., Synapse 2010","Pallidum","Globus Pallidus","-0.04","-0.0221","-0.031","1"
"NET","Noradrenaline","[11C]MRB","BPND","occipital cortex","77","33.4 (SD 9.2)","Ding YS et al., Synapse 2010","Thalamus","Thalamus","0.247","0.2327","0.2398","1"
"5-HT1A","Serotonin","[carbonyl-11C]WAY-100635","BPND","cerebellum","35","26.3 (SD 5.2)","Savli M et al., NeuroImage 2012","Precentral","Precentral Gyrus","22.2858","21.2692","21.7775","0.81"
"5-HT1A","Serotonin","[carbonyl-11C]WAY-100635","BPND","cerebellum","35","26.3 (SD 5.2)","Savli M et al., NeuroImage 2012","Frontal_Sup","Superior Frontal Gyrus","27.6978","26.9735","27.3356","0.75"
"5-HT1A","Serotonin","[carbonyl-11C]WAY-100635","BPND","cerebellum","35","26.3 (SD 5.2)","Savli M et al., NeuroImage 2012","Frontal_Sup_Orb","Superior Frontal Gyrus, Orbital","32.1779","32.0984","32.1382","0.95"
"5-HT1A","Serotonin","[carbonyl-11C]WAY-100635","BPND","cerebellum","35","26.3 (SD 5.2)","Savli M et al., NeuroImage 2012","Frontal_Mid","Middle Frontal Gyrus","28.7437","29.1861","28.9649","0.78"
"5-HT1A","Serotonin","[carbonyl-11C]WAY-100635","BPND","cerebellum","35","26.3 (SD 5.2)","Savli M et al., NeuroImage 2012","Frontal_Mid_Orb","Middle Frontal Gyrus, Orbital","30.3877","30.6427","30.5152","0.88"
"5-HT1A","Serotonin","[carbonyl-11C]WAY-100635","BPND","cerebellum","35","26.3 (SD 5.2)","Savli M et al., NeuroImage 2012","Frontal_Inf_Oper","Inferior Frontal Gyrus, Opercular","30.0152","29.3716","29.6934","0.86"
"5-HT1A","Serotonin","[carbonyl-11C]WAY-100635","BPND","cerebellum","35","26.3 (SD 5.2)","Savli M et al., NeuroImage 2012","Frontal_Inf_Tri","Inferior Frontal Gyrus, Triangular","26.631","26.4061","26.5185","0.8"
"5-HT1A","Serotonin","[carbonyl-11C]WAY-100635","BPND","cerebellum","35","26.3 (SD 5.2)","Savli M et al., NeuroImage 2012","Frontal_Inf_Orb","Inferior Frontal Gyrus, Orbital","28.1254","27.5127","27.8191","0.93"
"5-HT1A","Serotonin","[carbonyl-11C]WAY-100635","BPND","cerebellum","35","26.3 (SD 5.2)","Savli M et al., NeuroImage 2012","Rolandic_Oper","Rolandic Operculum","29.8242","29.2674","29.5458","0.95"
"5-HT1A","Serotonin","[carbonyl-11C]WAY-100635","BPND","cerebellum","35","26.3 (SD 5.2)","Savli M et al., NeuroImage 2012","Supp_Motor_Area","Supplementary Motor Area","25.0954","23.6845","24.3899","0.85"
"5-HT1A","Serotonin","[carbonyl-11C]WAY-100635","BPND","cerebellum","35","26.3 (SD 5.2)","Savli M et al., NeuroImage 2012","Olfactory","Olfactory Cortex","31.301","32.1356","31.7183","1"
"5-HT1A","Serotonin","[carbonyl-11C]WAY-100635","BPND","cerebellum","35","26.3 (SD 5.2)","Savli M et al., NeuroImage 2012","Frontal_Sup_Medial","Superior Frontal Gyrus, Medial","30.5714","30.8348","30.7031","0.78"
"5-HT1A","Serotonin","[carbonyl-11C]WAY-100635","BPND","cerebellum","35","26.3 (SD 5.2)","Savli M et al., NeuroImage 2012","Frontal_Med_Orb","Medial Orbitofrontal Cortex","37.5126","37.5841","37.5483","0.91"
"5-HT1A","Serotonin","[carbonyl-11C]WAY-100635","BPND","cerebellum","35","26.3 (SD 5.2)","Savli M et al., NeuroImage 2012","Rectus","Gyrus Rectus","39.7224","40.0216","39.872","0.99"
"5-HT1A","Serotonin","[carbonyl-11C]WAY-100635","BPND","cerebellum","35","26.3 (SD 5.2)","Savli M et al., NeuroImage 2012","Insula","Insula","38.45","41.2118","39.8309","0.99"
"5-HT1A","Serotonin","[carbonyl-11C]WAY-100635","BPND","cerebellum","35","26.3 (SD 5.2)","Savli M et al., NeuroImage 2012","Cingulum_Ant","Anterior Cingulate","34.4075","31.4187","32.9131","1"
"5-HT1A","Serotonin","[carbonyl-11C]WAY-100635","BPND","cerebellum","35","26.3 (SD 5.2)","Savli M et al., NeuroImage 2012","Cingulum_Mid","Middle Cingulate","29.7116","30.2286","29.9701","1"
"5-HT1A","Serotonin","[carbonyl-11C]WAY-100635","BPND","cerebellum","35","26.3 (SD 5.2)","Savli M et al., NeuroImage 2012","Cingulum_Post","Posterior Cingulate","23.0915","18.2241","20.6578","1"
"5-HT1A","Serotonin","[carbonyl-11C]WAY-100635","BPND","cerebellum","35","26.3 (SD 5.2)","Savli M et al., NeuroImage 2012","Hippocampus","Hippocampus","26.2578","24.3453","25.3016","0.99"
"5-HT1A","Serotonin","[carbonyl-11C]WAY-100635","BPND","cerebellum","35","26.3 (SD 5.2)","Savli M et al., NeuroImage 2012","ParaHippocampal","Parahippocampal Gyrus","51.6587","52.8375","52.2481","0.96"
"5-HT1A","Serotonin","[carbonyl-11C]WAY-100635","BPND","cerebellum","35","26.3 (SD 5.2)","Savli M et al., NeuroImage 2012","Amygdala","Amygdala","32.2114","29.9532","31.0823","1"
"5-HT1A","Serotonin","[carbonyl-11C]WAY-100635","BPND","cerebellum","35","26.3 (SD 5.2)","Savli M et al., NeuroImage 2012","Heschl","Heschl's Gyrus","37.4065","36.7596","37.083","0.99"
"5-HT1A","Serotonin","[carbonyl-11C]WAY-100635","BPND","cerebellum","35","26.3 (SD 5.2)","Savli M et al., NeuroImage 2012","Temporal_Sup","Superior Temporal Gyrus","36.5622","32.8731","34.7177","0.93"
"5-HT1A","Serotonin","[carbonyl-11C]WAY-100635","BPND","cerebellum","35","26.3 (SD 5.2)","Savli M et al., NeuroImage 2012","Temporal_Pole_Sup","Temporal Pole, Superior","41.4756","42.454","41.9648","0.68"
"5-HT1A","Serotonin","[carbonyl-11C]WAY-100635","BPND","cerebellum","35","26.3 (SD 5.2)","Savli M et al., NeuroImage 2012","Temporal_Mid","Middle Temporal Gyrus","35.6617","36.0101","35.8359","0.93"
"5-HT1A","Serotonin","[carbonyl-11C]WAY-100635","BPND","cerebellum","35","26.3 (SD 5.2)","Savli M et al., NeuroImage 2012","Temporal_Pole_Mid","Temporal Pole, Middle","40.8234","41.9603","41.3918","0.79"
"5-HT1A","Serotonin","[carbonyl-11C]WAY-100635","BPND","cerebellum","35","26.3 (SD 5.2)","Savli M et al., NeuroImage 2012","Temporal_Inf","Inferior Temporal Gyrus","40.627","38.8983","39.7626","0.96"
"5-HT1A","Serotonin","[carbonyl-11C]WAY-100635","BPND","cerebellum","35","26.3 (SD 5.2)","Savli M et al., NeuroImage 2012","Postcentral","Postcentral Gyrus","21.5373","21.2072","21.3722","0.8"
"5-HT1A","Serotonin","[carbonyl-11C]WAY-100635","BPND","cerebellum","35","26.3 (SD 5.2)","Savli M et al., NeuroImage 2012","Parietal_Sup","Superior Parietal Lobule","21.5097","21.674","21.5919","0.7"
"5-HT1A","Serotonin","[carbonyl-11C]WAY-100635","BPND","cerebellum","35","26.3 (SD 5.2)","Savli M et al., NeuroImage 2012","Parietal_Inf","Inferior Parietal Lobule","27.4662","27.4427","27.4544","0.89"
"5-HT1A","Serotonin","[carbonyl-11C]WAY-100635","BPND","cerebellum","35","26.3 (SD 5.2)","Savli M et al., NeuroImage 2012","SupraMarginal","Supramarginal Gyrus","28.6698","29.1047","28.8873","0.94"
"5-HT1A","Serotonin","[carbonyl-11C]WAY-100635","BPND","cerebellum","35","26.3 (SD 5.2)","Savli M et al., NeuroImage 2012","Angular","Angular Gyrus","27.2623","26.2562","26.7592","0.92"
"5-HT1A","Serotonin","[carbonyl-11C]WAY-100635","BPND","cerebellum","35","26.3 (SD 5.2)","Savli M et al., NeuroImage 2012","Precuneus","Precuneus","24.4432","23.9878","24.2155","0.89"
"5-HT1A","Serotonin","[carbonyl-11C]WAY-100635","BPND","cerebellum","35","26.3 (SD 5.2)","Savli M et al., NeuroImage 2012","Paracentral_Lobule","Paracentral Lobule","18.6657","19.4642","19.065","0.74"
"5-HT1A","Serotonin","[carbonyl-11C]WAY-100635","BPND","cerebellum","35","26.3 (SD 5.2)","Savli M et al., NeuroImage 2012","Calcarine","Calcarine Cortex","17.6543","16.5392","17.0967","0.99"
"5-HT1A","Serotonin","[carbonyl-11C]WAY-100635","BPND","cerebellum","35","26.3 (SD 5.2)","Savli M et al., NeuroImage 2012","Cuneus","Cuneus","21.8247","21.2435","21.5341","0.96"
"5-HT1A","Serotonin","[carbonyl-11C]WAY-100635","BPND","cerebellum","35","26.3 (SD 5.2)","Savli M et al., NeuroImage 2012","Lingual","Lingual Gyrus","20.8851","20.0021","20.4436","0.98"
"5-HT1A","Serotonin","[carbonyl-11C]WAY-100635","BPND","cerebellum","35","26.3 (SD 5.2)","Savli M et al., NeuroImage 2012","Occipital_Sup","Superior Occipital Gyrus","18.1796","19.3938","18.7867","0.93"
"5-HT1A","Serotonin","[carbonyl-11C]WAY-100635","BPND","cerebellum","35","26.3 (SD 5.2)","Savli M et al., NeuroImage 2012","Occipital_Mid","Middle Occipital Gyrus","23.512","24.5554","24.0337","0.96"
"5-HT1A","Serotonin","[carbonyl-11C]WAY-100635","BPND","cerebellum","35","26.3 (SD 5.2)","Savli M et al., NeuroImage 2012","Occipital_Inf","Inferior Occipital Gyrus","27.3032","23.5467","25.425","0.99"
"5-HT1A","Serotonin","[carbonyl-11C]WAY-100635","BPND","cerebellum","35","26.3 (SD 5.2)","Savli M et al., NeuroImage 2012","Fusiform","Fusiform Gyrus","42.532","39.8724","41.2022","1"
"5-HT1A","Serotonin","[carbonyl-11C]WAY-100635","BPND","cerebellum","35","26.3 (SD 5.2)","Savli M et al., NeuroImage 2012","Caudate","Caudate Nucleus","2.6232","2.2574","2.4403","0.9"
"5-HT1A","Serotonin","[carbonyl-11C]WAY-100635","BPND","cerebellum","35","26.3 (SD 5.2)","Savli M et al., NeuroImage 2012","Putamen","Putamen","9.0722","9.8573","9.4648","1"
"5-HT1A","Serotonin","[carbonyl-11C]WAY-100635","BPND","cerebellum","35","26.3 (SD 5.2)","Savli M et al., NeuroImage 2012","Pallidum","Globus Pallidus","2.2913","2.15","2.2207","1"
"5-HT1A","Serotonin","[carbonyl-11C]WAY-100635","BPND","cerebellum","35","26.3 (SD 5.2)","Savli M et al., NeuroImage 2012","Thalamus","Thalamus","2.2586","2.4242","2.3414","0.97"
"5-HT1B","Serotonin","[11C]P943","BPND","cerebellum","65","33.7 (SD 9.7)","Gallezot JD et al., J Cereb Blood Flow Metab 2010","Precentral","Precentral Gyrus","0.7836","0.7841","0.7838","1"
"5-HT1B","Serotonin","[11C]P943","BPND","cerebellum","65","33.7 (SD 9.7)","Gallezot JD et al., J Cereb Blood Flow Metab 2010","Frontal_Sup","Superior Frontal Gyrus","0.6871","0.7476","0.7174","1"
"5-HT1B","Serotonin","[11C]P943","BPND","cerebellum","65","33.7 (SD 9.7)","Gallezot JD et al., J Cereb Blood Flow Metab 2010","Frontal_Sup_Orb","Superior Frontal Gyrus, Orbital","0.8859","0.8781","0.882","1"
"5-HT1B","Serotonin","[11C]P943","BPND","cerebellum","65","33.7 (SD 9.7)","Gallezot JD et al., J Cereb Blood Flow Metab 2010","Frontal_Mid","Middle Frontal Gyrus","0.8581","0.9149","0.8865","1"
"5-HT1B","Serotonin","[11C]P943","BPND","cerebellum","65","33.7 (SD 9.7)","Gallezot JD et al., J Cereb Blood Flow Metab 2010","Frontal_Mid_Orb","Middle Frontal Gyrus, Orbital","0.9213","0.9675","0.9444","1"
"5-HT1B","Serotonin","[11C]P943","BPND","cerebellum","65","33.7 (SD 9.7)","Gallezot JD et al., J Cereb Blood Flow Metab 2010","Frontal_Inf_Oper","Inferior Frontal Gyrus, Opercular","0.985","0.9522","0.9686","1"
"5-HT1B","Serotonin","[11C]P943","BPND","cerebellum","65","33.7 (SD 9.7)","Gallezot JD et al., J Cereb Blood Flow Metab 2010","Frontal_Inf_Tri","Inferior Frontal Gyrus, Triangular","0.9796","0.8643","0.922","1"
"5-HT1B","Serotonin","[11C]P943","BPND","cerebellum","65","33.7 (SD 9.7)","Gallezot JD et al., J Cereb Blood Flow Metab 2010","Frontal_Inf_Orb","Inferior Frontal Gyrus, Orbital","0.9184","0.8824","0.9004","1"
"5-HT1B","Serotonin","[11C]P943","BPND","cerebellum","65","33.7 (SD 9.7)","Gallezot JD et al., J Cereb Blood Flow Metab 2010","Rolandic_Oper","Rolandic Operculum","0.8436","0.8538","0.8487","1"
"5-HT1B","Serotonin","[11C]P943","BPND","cerebellum","65","33.7 (SD 9.7)","Gallezot JD et al., J Cereb Blood Flow Metab 2010","Supp_Motor_Area","Supplementary Motor Area","0.737","0.7524","0.7447","1"
"5-HT1B","Serotonin","[11C]P943","BPND","cerebellum","65","33.7 (SD 9.7)","Gallezot JD et al., J Cereb Blood Flow Metab 2010","Olfactory","Olfactory Cortex","0.7612","0.7509","0.7561","1"
"5-HT1B","Serotonin","[11C]P943","BPND","cerebellum","65","33.7 (SD 9.7)","Gallezot JD et al., J Cereb Blood Flow Metab 2010","Frontal_Sup_Medial","Superior Frontal Gyrus, Medial","0.7623","0.74","0.7512","1"
"5-HT1B","Serotonin","[11C]P943","BPND","cerebellum","65","33.7 (SD 9.7)","Gallezot JD et al., J Cereb Blood Flow Metab 2010","Frontal_Med_Orb","Medial Orbitofrontal Cortex","0.8988","0.9275","0.9132","1"
"5-HT1B","Serotonin","[11C]P943","BPND","cerebellum","65","33.7 (SD 9.7)","Gallezot JD et al., J Cereb Blood Flow Metab 2010","Rectus","Gyrus Rectus","0.8818","0.9002","0.891","1"
"5-HT1B","Serotonin","[11C]P943","BPND","cerebellum","65","33.7 (SD 9.7)","Gallezot JD et al., J Cereb Blood Flow Metab 2010","Insula","Insula","0.8176","0.9673","0.8924","1"
"5-HT1B","Serotonin","[11C]P943","BPND","cerebellum","65","33.7 (SD 9.7)","Gallezot JD et al., J Cereb Blood Flow Metab 2010","Cingulum_Ant","Anterior Cingulate","0.994","0.9842","0.9891","1"
"5-HT1B","Serotonin","[11C]P943","BPND","cerebellum","65","33.7 (SD 9.7)","Gallezot JD et al., J Cereb Blood Flow Metab 2010","Cingulum_Mid","Middle Cingulate","0.8889","0.8899","0.8894","1"
"5-HT1B","Serotonin","[11C]P943","BPND","cerebellum","65","33.7 (SD 9.7)","Gallezot JD et al., J Cereb Blood Flow Metab 2010","Cingulum_Post","Posterior Cingulate","0.5804","0.372","0.4762","1"
"5-HT1B","Serotonin","[11C]P943","BPND","cerebellum","65","33.7 (SD 9.7)","Gallezot JD et al., J Cereb Blood Flow Metab 2010","Hippocampus","Hippocampus","0.4659","0.5096","0.4878","1"
"5-HT1B","Serotonin","[11C]P943","BPND","cerebellum","65","33.7 (SD 9.7)","Gallezot JD et al., J Cereb Blood Flow Metab 2010","ParaHippocampal","Parahippocampal Gyrus","0.2821","0.4091","0.3456","1"
"5-HT1B","Serotonin","[11C]P943","BPND","cerebellum","65","33.7 (SD 9.7)","Gallezot JD et al., J Cereb Blood Flow Metab 2010","Amygdala","Amygdala","0.8138","0.8167","0.8153","1"
"5-HT1B","Serotonin","[11C]P943","BPND","cerebellum","65","33.7 (SD 9.7)","Gallezot JD et al., J Cereb Blood Flow Metab 2010","Heschl","Heschl's Gyrus","0.7896","0.9689","0.8792","1"
"5-HT1B","Serotonin","[11C]P943","BPND","cerebellum","65","33.7 (SD 9.7)","Gallezot JD et al., J Cereb Blood Flow Metab 2010","Temporal_Sup","Superior Temporal Gyrus","0.8347","0.801","0.8179","1"
"5-HT1B","Serotonin","[11C]P943","BPND","cerebellum","65","33.7 (SD 9.7)","Gallezot JD et al., J Cereb Blood Flow Metab 2010","Temporal_Pole_Sup","Temporal Pole, Superior","0.3993","0.3467","0.373","1"
"5-HT1B","Serotonin","[11C]P943","BPND","cerebellum","65","33.7 (SD 9.7)","Gallezot JD et al., J Cereb Blood Flow Metab 2010","Temporal_Mid","Middle Temporal Gyrus","0.7879","0.8438","0.8158","1"
"5-HT1B","Serotonin","[11C]P943","BPND","cerebellum","65","33.7 (SD 9.7)","Gallezot JD et al., J Cereb Blood Flow Metab 2010","Temporal_Pole_Mid","Temporal Pole, Middle","0.3652","0.3073","0.3363","1"
"5-HT1B","Serotonin","[11C]P943","BPND","cerebellum","65","33.7 (SD 9.7)","Gallezot JD et al., J Cereb Blood Flow Metab 2010","Temporal_Inf","Inferior Temporal Gyrus","0.6473","0.7441","0.6957","1"
"5-HT1B","Serotonin","[11C]P943","BPND","cerebellum","65","33.7 (SD 9.7)","Gallezot JD et al., J Cereb Blood Flow Metab 2010","Postcentral","Postcentral Gyrus","0.7219","0.6684","0.6952","1"
"5-HT1B","Serotonin","[11C]P943","BPND","cerebellum","65","33.7 (SD 9.7)","Gallezot JD et al., J Cereb Blood Flow Metab 2010","Parietal_Sup","Superior Parietal Lobule","0.6008","0.4795","0.5402","1"
"5-HT1B","Serotonin","[11C]P943","BPND","cerebellum","65","33.7 (SD 9.7)","Gallezot JD et al., J Cereb Blood Flow Metab 2010","Parietal_Inf","Inferior Parietal Lobule","0.8306","0.8017","0.8162","1"
"5-HT1B","Serotonin","[11C]P943","BPND","cerebellum","65","33.7 (SD 9.7)","Gallezot JD et al., J Cereb Blood Flow Metab 2010","SupraMarginal","Supramarginal Gyrus","0.9254","0.8976","0.9115","1"
"5-HT1B","Serotonin","[11C]P943","BPND","cerebellum","65","33.7 (SD 9.7)","Gallezot JD et al., J Cereb Blood Flow Metab 2010","Angular","Angular Gyrus","0.8832","0.8844","0.8838","1"
"5-HT1B","Serotonin","[11C]P943","BPND","cerebellum","65","33.7 (SD 9.7)","Gallezot JD et al., J Cereb Blood Flow Metab 2010","Precuneus","Precuneus","0.6354","0.6009","0.6181","1"
"5-HT1B","Serotonin","[11C]P943","BPND","cerebellum","65","33.7 (SD 9.7)","Gallezot JD et al., J Cereb Blood Flow Metab 2010","Paracentral_Lobule","Paracentral Lobule","0.5341","0.502","0.5181","1"
"5-HT1B","Serotonin","[11C]P943","BPND","cerebellum","65","33.7 (SD 9.7)","Gallezot JD et al., J Cereb Blood Flow Metab 2010","Calcarine","Calcarine Cortex","1.2879","1.0153","1.1516","1"
"5-HT1B","Serotonin","[11C]P943","BPND","cerebellum","65","33.7 (SD 9.7)","Gallezot JD et al., J Cereb Blood Flow Metab 2010","Cuneus","Cuneus","0.8418","0.879","0.8604","1"
"5-HT1B","Serotonin","[11C]P943","BPND","cerebellum","65","33.7 (SD 9.7)","Gallezot JD et al., J Cereb Blood Flow Metab 2010","Lingual","Lingual Gyrus","0.7823","0.8057","0.794","1"
"5-HT1B","Serotonin","[11C]P943","BPND","cerebellum","65","33.7 (SD 9.7)","Gallezot JD et al., J Cereb Blood Flow Metab 2010","Occipital_Sup","Superior Occipital Gyrus","0.8326","0.8779","0.8552","1"
"5-HT1B","Serotonin","[11C]P943","BPND","cerebellum","65","33.7 (SD 9.7)","Gallezot JD et al., J Cereb Blood Flow Metab 2010","Occipital_Mid","Middle Occipital Gyrus","0.9521","0.9643","0.9582","1"
"5-HT1B","Serotonin","[11C]P943","BPND","cerebellum","65","33.7 (SD 9.7)","Gallezot JD et al., J Cereb Blood Flow Metab 2010","Occipital_Inf","Inferior Occipital Gyrus","0.8813","0.8733","0.8773","1"
"5-HT1B","Serotonin","[11C]P943","BPND","cerebellum","65","33.7 (SD 9.7)","Gallezot JD et al., J Cereb Blood Flow Metab 2010","Fusiform","Fusiform Gyrus","0.5775","0.6315","0.6045","1"
"5-HT1B","Serotonin","[11C]P943","BPND","cerebellum","65","33.7 (SD 9.7)","Gallezot JD et al., J Cereb Blood Flow Metab 2010","Caudate","Caudate Nucleus","0.3839","0.3481","0.366","1"
"5-HT1B","Serotonin","[11C]P943","BPND","cerebellum","65","33.7 (SD 9.7)","Gallezot JD et al., J Cereb Blood Flow Metab 2010","Putamen","Putamen","0.8241","0.8293","0.8267","1"
"5-HT1B","Serotonin","[11C]P943","BPND","cerebellum","65","33.7 (SD 9.7)","Gallezot JD et al., J Cereb Blood Flow Metab 2010","Pallidum","Globus Pallidus","1.4404","1.4275","1.434","1"
"5-HT1B","Serotonin","[11C]P943","BPND","cerebellum","65","33.7 (SD 9.7)","Gallezot JD et al., J Cereb Blood Flow Metab 2010","Thalamus","Thalamus","0.4226","0.4262","0.4244","1"
"5-HT2A","Serotonin","[18F]altanserin","BPND","cerebellum","19","28.2 (SD 5.7)","Savli M et al., NeuroImage 2012","Precentral","Precentral Gyrus","47.6521","44.7973","46.2247","0.81"
"5-HT2A","Serotonin","[18F]altanserin","BPND","cerebellum","19","28.2 (SD 5.7)","Savli M et al., NeuroImage 2012","Frontal_Sup","Superior Frontal Gyrus","54.7682","52.557","53.6626","0.75"
"5-HT2A","Serotonin","[18F]altanserin","BPND","cerebellum","19","28.2 (SD 5.7)","Savli M et al., NeuroImage 2012","Frontal_Sup_Orb","Superior Frontal Gyrus, Orbital","55.4668","54.7078","55.0873","0.95"
"5-HT2A","Serotonin","[18F]altanserin","BPND","cerebellum","19","28.2 (SD 5.7)","Savli M et al., NeuroImage 2012","Frontal_Mid","Middle Frontal Gyrus","64.053","62.4042","63.2286","0.78"
"5-HT2A","Serotonin","[18F]altanserin","BPND","cerebellum","19","28.2 (SD 5.7)","Savli M et al., NeuroImage 2012","Frontal_Mid_Orb","Middle Frontal Gyrus, Orbital","63.9141","62.0298","62.9719","0.88"
"5-HT2A","Serotonin","[18F]altanserin","BPND","cerebellum","19","28.2 (SD 5.7)","Savli M et al., NeuroImage 2012","Frontal_Inf_Oper","Inferior Frontal Gyrus, Opercular","60.6042","59.2464","59.9253","0.86"
"5-HT2A","Serotonin","[18F]altanserin","BPND","cerebellum","19","28.2 (SD 5.7)","Savli M et al., NeuroImage 2012","Frontal_Inf_Tri","Inferior Frontal Gyrus, Triangular","59.8244","56.1094","57.9669","0.8"
"5-HT2A","Serotonin","[18F]altanserin","BPND","cerebellum","19","28.2 (SD 5.7)","Savli M et al., NeuroImage 2012","Frontal_Inf_Orb","Inferior Frontal Gyrus, Orbital","57.613","55.0567","56.3348","0.93"
"5-HT2A","Serotonin","[18F]altanserin","BPND","cerebellum","19","28.2 (SD 5.7)","Savli M et al., NeuroImage 2012","Rolandic_Oper","Rolandic Operculum","56.3416","57.4605","56.9011","0.95"
"5-HT2A","Serotonin","[18F]altanserin","BPND","cerebellum","19","28.2 (SD 5.7)","Savli M et al., NeuroImage 2012","Supp_Motor_Area","Supplementary Motor Area","46.6838","42.816","44.7499","0.85"
"5-HT2A","Serotonin","[18F]altanserin","BPND","cerebellum","19","28.2 (SD 5.7)","Savli M et al., NeuroImage 2012","Olfactory","Olfactory Cortex","44.9453","43.9236","44.4344","0.98"
"5-HT2A","Serotonin","[18F]altanserin","BPND","cerebellum","19","28.2 (SD 5.7)","Savli M et al., NeuroImage 2012","Frontal_Sup_Medial","Superior Frontal Gyrus, Medial","58.6138","58.7785","58.6962","0.78"
"5-HT2A","Serotonin","[18F]altanserin","BPND","cerebellum","19","28.2 (SD 5.7)","Savli M et al., NeuroImage 2012","Frontal_Med_Orb","Medial Orbitofrontal Cortex","67.6668","62.2609","64.9638","0.91"
"5-HT2A","Serotonin","[18F]altanserin","BPND","cerebellum","19","28.2 (SD 5.7)","Savli M et al., NeuroImage 2012","Rectus","Gyrus Rectus","64.0575","60.8768","62.4672","0.98"
"5-HT2A","Serotonin","[18F]altanserin","BPND","cerebellum","19","28.2 (SD 5.7)","Savli M et al., NeuroImage 2012","Insula","Insula","59.8045","60.9584","60.3815","0.98"
"5-HT2A","Serotonin","[18F]altanserin","BPND","cerebellum","19","28.2 (SD 5.7)","Savli M et al., NeuroImage 2012","Cingulum_Ant","Anterior Cingulate","59.5038","54.9829","57.2433","1"
"5-HT2A","Serotonin","[18F]altanserin","BPND","cerebellum","19","28.2 (SD 5.7)","Savli M et al., NeuroImage 2012","Cingulum_Mid","Middle Cingulate","55.7127","56.0783","55.8955","0.99"
"5-HT2A","Serotonin","[18F]altanserin","BPND","cerebellum","19","28.2 (SD 5.7)","Savli M et al., NeuroImage 2012","Cingulum_Post","Posterior Cingulate","58.2987","49.2563","53.7775","0.8"
"5-HT2A","Serotonin","[18F]altanserin","BPND","cerebellum","19","28.2 (SD 5.7)","Savli M et al., NeuroImage 2012","Hippocampus","Hippocampus","13.229","13.7282","13.4786","0.9"
"5-HT2A","Serotonin","[18F]altanserin","BPND","cerebellum","19","28.2 (SD 5.7)","Savli M et al., NeuroImage 2012","ParaHippocampal","Parahippocampal Gyrus","29.6072","31.4567","30.532","0.91"
"5-HT2A","Serotonin","[18F]altanserin","BPND","cerebellum","19","28.2 (SD 5.7)","Savli M et al., NeuroImage 2012","Amygdala","Amygdala","19.533","20.7007","20.1168","0.99"
"5-HT2A","Serotonin","[18F]altanserin","BPND","cerebellum","19","28.2 (SD 5.7)","Savli M et al., NeuroImage 2012","Heschl","Heschl's Gyrus","66.9121","67.9908","67.4515","0.99"
"5-HT2A","Serotonin","[18F]altanserin","BPND","cerebellum","19","28.2 (SD 5.7)","Savli M et al., NeuroImage 2012","Temporal_Sup","Superior Temporal Gyrus","65.1239","63.3175","64.2207","0.93"
"5-HT2A","Serotonin","[18F]altanserin","BPND","cerebellum","19","28.2 (SD 5.7)","Savli M et al., NeuroImage 2012","Temporal_Pole_Sup","Temporal Pole, Superior","53.1018","53.6266","53.3642","0.68"
"5-HT2A","Serotonin","[18F]altanserin","BPND","cerebellum","19","28.2 (SD 5.7)","Savli M et al., NeuroImage 2012","Temporal_Mid","Middle Temporal Gyrus","65.3727","68.3966","66.8847","0.93"
"5-HT2A","Serotonin","[18F]altanserin","BPND","cerebellum","19","28.2 (SD 5.7)","Savli M et al., NeuroImage 2012","Temporal_Pole_Mid","Temporal Pole, Middle","50.3155","54.1834","52.2494","0.77"
"5-HT2A","Serotonin","[18F]altanserin","BPND","cerebellum","19","28.2 (SD 5.7)","Savli M et al., NeuroImage 2012","Temporal_Inf","Inferior Temporal Gyrus","63.6597","65.408","64.5339","0.96"
"5-HT2A","Serotonin","[18F]altanserin","BPND","cerebellum","19","28.2 (SD 5.7)","Savli M et al., NeuroImage 2012","Postcentral","Postcentral Gyrus","45.8347","46.171","46.0029","0.8"
"5-HT2A","Serotonin","[18F]altanserin","BPND","cerebellum","19","28.2 (SD 5.7)","Savli M et al., NeuroImage 2012","Parietal_Sup","Superior Parietal Lobule","48.4675","47.4497","47.9586","0.7"
"5-HT2A","Serotonin","[18F]altanserin","BPND","cerebellum","19","28.2 (SD 5.7)","Savli M et al., NeuroImage 2012","Parietal_Inf","Inferior Parietal Lobule","59.7103","58.7355","59.2229","0.89"
"5-HT2A","Serotonin","[18F]altanserin","BPND","cerebellum","19","28.2 (SD 5.7)","Savli M et al., NeuroImage 2012","SupraMarginal","Supramarginal Gyrus","57.8854","62.3985","60.1419","0.94"
"5-HT2A","Serotonin","[18F]altanserin","BPND","cerebellum","19","28.2 (SD 5.7)","Savli M et al., NeuroImage 2012","Angular","Angular Gyrus","61.5529","61.9729","61.7629","0.92"
"5-HT2A","Serotonin","[18F]altanserin","BPND","cerebellum","19","28.2 (SD 5.7)","Savli M et al., NeuroImage 2012","Precuneus","Precuneus","52.2903","54.1194","53.2049","0.87"
"5-HT2A","Serotonin","[18F]altanserin","BPND","cerebellum","19","28.2 (SD 5.7)","Savli M et al., NeuroImage 2012","Paracentral_Lobule","Paracentral Lobule","31.7707","34.0456","32.9081","0.74"
"5-HT2A","Serotonin","[18F]altanserin","BPND","cerebellum","19","28.2 (SD 5.7)","Savli M et al., NeuroImage 2012","Calcarine","Calcarine Cortex","62.9912","60.3863","61.6887","0.98"
"5-HT2A","Serotonin","[18F]altanserin","BPND","cerebellum","19","28.2 (SD 5.7)","Savli M et al., NeuroImage 2012","Cuneus","Cuneus","53.0847","54.8169","53.9508","0.96"
"5-HT2A","Serotonin","[18F]altanserin","BPND","cerebellum","19","28.2 (SD 5.7)","Savli M et al., NeuroImage 2012","Lingual","Lingual Gyrus","57.5672","58.3381","57.9526","0.96"
"5-HT2A","Serotonin","[18F]altanserin","BPND","cerebellum","19","28.2 (SD 5.7)","Savli M et al., NeuroImage 2012","Occipital_Sup","Superior Occipital Gyrus","45.372","48.3027","46.8373","0.92"
"5-HT2A","Serotonin","[18F]altanserin","BPND","cerebellum","19","28.2 (SD 5.7)","Savli M et al., NeuroImage 2012","Occipital_Mid","Middle Occipital Gyrus","54.8868","57.6517","56.2693","0.96"
"5-HT2A","Serotonin","[18F]altanserin","BPND","cerebellum","19","28.2 (SD 5.7)","Savli M et al., NeuroImage 2012","Occipital_Inf","Inferior Occipital Gyrus","61.2082","58.2373","59.7228","0.98"
"5-HT2A","Serotonin","[18F]altanserin","BPND","cerebellum","19","28.2 (SD 5.7)","Savli M et al., NeuroImage 2012","Fusiform","Fusiform Gyrus","60.1126","59.8951","60.0039","1"
"5-HT2A","Serotonin","[18F]altanserin","BPND","cerebellum","19","28.2 (SD 5.7)","Savli M et al., NeuroImage 2012","Caudate","Caudate Nucleus","","","","0.43"
"5-HT2A","Serotonin","[18F]altanserin","BPND","cerebellum","19","28.2 (SD 5.7)","Savli M et al., NeuroImage 2012","Putamen","Putamen","20.6004","21.2652","20.9328","0.97"
"5-HT2A","Serotonin","[18F]altanserin","BPND","cerebellum","19","28.2 (SD 5.7)","Savli M et al., NeuroImage 2012","Pallidum","Globus Pallidus","10.2403","9.5501","9.8952","0.98"
"5-HT2A","Serotonin","[18F]altanserin","BPND","cerebellum","19","28.2 (SD 5.7)","Savli M et al., NeuroImage 2012","Thalamus","Thalamus","10.2477","9.776","10.0118","0.77"
"5-HT4","Serotonin","[11C]SB207145","Bmax","cerebellum","59","25.9 (SD 5.3)","Beliveau V et al., J Neurosci 2017","Precentral","Precentral Gyrus","","","","0.32"
"5-HT4","Serotonin","[11C]SB207145","Bmax","cerebellum","59","25.9 (SD 5.3)","Beliveau V et al., J Neurosci 2017","Frontal_Sup","Superior Frontal Gyrus","","","","0.32"
"5-HT4","Serotonin","[11C]SB207145","Bmax","cerebellum","59","25.9 (SD 5.3)","Beliveau V et al., J Neurosci 2017","Frontal_Sup_Orb","Superior Frontal Gyrus, Orbital","","","","0.47"
"5-HT4","Serotonin","[11C]SB207145","Bmax","cerebellum","59","25.9 (SD 5.3)","Beliveau V et al., J Neurosci 2017","Frontal_Mid","Middle Frontal Gyrus","","","","0.35"
"5-HT4","Serotonin","[11C]SB207145","Bmax","cerebellum","59","25.9 (SD 5.3)","Beliveau V et al., J Neurosci 2017","Frontal_Mid_Orb","Middle Frontal Gyrus, Orbital","","2.2704","2.2704","0.48"
"5-HT4","Serotonin","[11C]SB207145","Bmax","cerebellum","59","25.9 (SD 5.3)","Beliveau V et al., J Neurosci 2017","Frontal_Inf_Oper","Inferior Frontal Gyrus, Opercular","","","","0.32"
"5-HT4","Serotonin","[11C]SB207145","Bmax","cerebellum","59","25.9 (SD 5.3)","Beliveau V et al., J Neurosci 2017","Frontal_Inf_Tri","Inferior Frontal Gyrus, Triangular","","","","0.33"
"5-HT4","Serotonin","[11C]SB207145","Bmax","cerebellum","59","25.9 (SD 5.3)","Beliveau V et al., J Neurosci 2017","Frontal_Inf_Orb","Inferior Frontal Gyrus, Orbital","","","","0.44"
"5-HT4","Serotonin","[11C]SB207145","Bmax","cerebellum","59","25.9 (SD 5.3)","Beliveau V et al., J Neurosci 2017","Rolandic_Oper","Rolandic Operculum","","","","0.38"
"5-HT4","Serotonin","[11C]SB207145","Bmax","cerebellum","59","25.9 (SD 5.3)","Beliveau V et al., J Neurosci 2017","Supp_Motor_Area","Supplementary Motor Area","","","","0.37"
"5-HT4","Serotonin","[11C]SB207145","Bmax","cerebellum","59","25.9 (SD 5.3)","Beliveau V et al., J Neurosci 2017","Olfactory","Olfactory Cortex","2.2658","2.2659","2.2658","0.57"
"5-HT4","Serotonin","[11C]SB207145","Bmax","cerebellum","59","25.9 (SD 5.3)","Beliveau V et al., J Neurosci 2017","Frontal_Sup_Medial","Superior Frontal Gyrus, Medial","","","","0.38"
"5-HT4","Serotonin","[11C]SB207145","Bmax","cerebellum","59","25.9 (SD 5.3)","Beliveau V et al., J Neurosci 2017","Frontal_Med_Orb","Medial Orbitofrontal Cortex","","","","0.37"
"5-HT4","Serotonin","[11C]SB207145","Bmax","cerebellum","59","25.9 (SD 5.3)","Beliveau V et al., J Neurosci 2017","Rectus","Gyrus Rectus","","2.335","2.335","0.42"
"5-HT4","Serotonin","[11C]SB207145","Bmax","cerebellum","59","25.9 (SD 5.3)","Beliveau V et al., J Neurosci 2017","Insula","Insula","","","","0.43"
"5-HT4","Serotonin","[11C]SB207145","Bmax","cerebellum","59","25.9 (SD 5.3)","Beliveau V et al., J Neurosci 2017","Cingulum_Ant","Anterior Cingulate","","","","0.35"
"5-HT4","Serotonin","[11C]SB207145","Bmax","cerebellum","59","25.9 (SD 5.3)","Beliveau V et al., J Neurosci 2017","Cingulum_Mid","Middle Cingulate","","","","0.35"
"5-HT4","Serotonin","[11C]SB207145","Bmax","cerebellum","59","25.9 (SD 5.3)","Beliveau V et al., J Neurosci 2017","Cingulum_Post","Posterior Cingulate","","","","0.27"
"5-HT4","Serotonin","[11C]SB207145","Bmax","cerebellum","59","25.9 (SD 5.3)","Beliveau V et al., J Neurosci 2017","Hippocampus","Hippocampus","1.6133","1.419","1.5161","0.75"
"5-HT4","Serotonin","[11C]SB207145","Bmax","cerebellum","59","25.9 (SD 5.3)","Beliveau V et al., J Neurosci 2017","ParaHippocampal","Parahippocampal Gyrus","1.9295","1.7828","1.8562","0.72"
"5-HT4","Serotonin","[11C]SB207145","Bmax","cerebellum","59","25.9 (SD 5.3)","Beliveau V et al., J Neurosci 2017","Amygdala","Amygdala","1.6712","1.6041","1.6377","0.62"
"5-HT4","Serotonin","[11C]SB207145","Bmax","cerebellum","59","25.9 (SD 5.3)","Beliveau V et al., J Neurosci 2017","Heschl","Heschl's Gyrus","","","","0.35"
"5-HT4","Serotonin","[11C]SB207145","Bmax","cerebellum","59","25.9 (SD 5.3)","Beliveau V et al., J Neurosci 2017","Temporal_Sup","Superior Temporal Gyrus","","","","0.42"
"5-HT4","Serotonin","[11C]SB207145","Bmax","cerebellum","59","25.9 (SD 5.3)","Beliveau V et al., J Neurosci 2017","Temporal_Pole_Sup","Temporal Pole, Superior","","","","0.35"
"5-HT4","Serotonin","[11C]SB207145","Bmax","cerebellum","59","25.9 (SD 5.3)","Beliveau V et al., J Neurosci 2017","Temporal_Mid","Middle Temporal Gyrus","","","","0.43"
"5-HT4","Serotonin","[11C]SB207145","Bmax","cerebellum","59","25.9 (SD 5.3)","Beliveau V et al., J Neurosci 2017","Temporal_Pole_Mid","Temporal Pole, Middle","2.4751","","2.4751","0.49"
"5-HT4","Serotonin","[11C]SB207145","Bmax","cerebellum","59","25.9 (SD 5.3)","Beliveau V et al., J Neurosci 2017","Temporal_Inf","Inferior Temporal Gyrus","2.6271","","2.6271","0.49"
"5-HT4","Serotonin","[11C]SB207145","Bmax","cerebellum","59","25.9 (SD 5.3)","Beliveau V et al., J Neurosci 2017","Postcentral","Postcentral Gyrus","","","","0.3"
"5-HT4","Serotonin","[11C]SB207145","Bmax","cerebellum","59","25.9 (SD 5.3)","Beliveau V et al., J Neurosci 2017","Parietal_Sup","Superior Parietal Lobule","","","","0.33"
"5-HT4","Serotonin","[11C]SB207145","Bmax","cerebellum","59","25.9 (SD 5.3)","Beliveau V et al., J Neurosci 2017","Parietal_Inf","Inferior Parietal Lobule","","","","0.41"
"5-HT4","Serotonin","[11C]SB207145","Bmax","cerebellum","59","25.9 (SD 5.3)","Beliveau V et al., J Neurosci 2017","SupraMarginal","Supramarginal Gyrus","","","","0.4"
"5-HT4","Serotonin","[11C]SB207145","Bmax","cerebellum","59","25.9 (SD 5.3)","Beliveau V et al., J Neurosci 2017","Angular","Angular Gyrus","","","","0.39"
"5-HT4","Serotonin","[11C]SB207145","Bmax","cerebellum","59","25.9 (SD 5.3)","Beliveau V et al., J Neurosci 2017","Precuneus","Precuneus","","","","0.36"
"5-HT4","Serotonin","[11C]SB207145","Bmax","cerebellum","59","25.9 (SD 5.3)","Beliveau V et al., J Neurosci 2017","Paracentral_Lobule","Paracentral Lobule","","","","0.27"
"5-HT4","Serotonin","[11C]SB207145","Bmax","cerebellum","59","25.9 (SD 5.3)","Beliveau V et al., J Neurosci 2017","Calcarine","Calcarine Cortex","1.5903","","1.5903","0.45"
"5-HT4","Serotonin","[11C]SB207145","Bmax","cerebellum","59","25.9 (SD 5.3)","Beliveau V et al., J Neurosci 2017","Cuneus","Cuneus","","","","0.38"
"5-HT4","Serotonin","[11C]SB207145","Bmax","cerebellum","59","25.9 (SD 5.3)","Beliveau V et al., J Neurosci 2017","Lingual","Lingual Gyrus","","","","0.46"
"5-HT4","Serotonin","[11C]SB207145","Bmax","cerebellum","59","25.9 (SD 5.3)","Beliveau V et al., J Neurosci 2017","Occipital_Sup","Superior Occipital Gyrus","","","","0.32"
"5-HT4","Serotonin","[11C]SB207145","Bmax","cerebellum","59","25.9 (SD 5.3)","Beliveau V et al., J Neurosci 2017","Occipital_Mid","Middle Occipital Gyrus","","","","0.42"
"5-HT4","Serotonin","[11C]SB207145","Bmax","cerebellum","59","25.9 (SD 5.3)","Beliveau V et al., J Neurosci 2017","Occipital_Inf","Inferior Occipital Gyrus","","","","0.39"
"5-HT4","Serotonin","[11C]SB207145","Bmax","cerebellum","59","25.9 (SD 5.3)","Beliveau V et al., J Neurosci 2017","Fusiform","Fusiform Gyrus","2.1521","","2.1521","0.51"
"5-HT4","Serotonin","[11C]SB207145","Bmax","cerebellum","59","25.9 (SD 5.3)","Beliveau V et al., J Neurosci 2017","Caudate","Caudate Nucleus","3.8483","3.6376","3.7429","0.86"
"5-HT4","Serotonin","[11C]SB207145","Bmax","cerebellum","59","25.9 (SD 5.3)","Beliveau V et al., J Neurosci 2017","Putamen","Putamen","6.5089","6.2552","6.382","0.87"
"5-HT4","Serotonin","[11C]SB207145","Bmax","cerebellum","59","25.9 (SD 5.3)","Beliveau V et al., J Neurosci 2017","Pallidum","Globus Pallidus","6.8757","6.4828","6.6793","0.97"
"5-HT4","Serotonin","[11C]SB207145","Bmax","cerebellum","59","25.9 (SD 5.3)","Beliveau V et al., J Neurosci 2017","Thalamus","Thalamus","1.4137","1.3433","1.3785","0.95"
"5-HT6","Serotonin","[11C]GSK215083","BPND","cerebellum","30","36.6 (SD 9.0)","Radhakrishnan R et al., J Nucl Med 2018","Precentral","Precentral Gyrus","0.3088","0.2348","0.2718","1"
"5-HT6","Serotonin","[11C]GSK215083","BPND","cerebellum","30","36.6 (SD 9.0)","Radhakrishnan R et al., J Nucl Med 2018","Frontal_Sup","Superior Frontal Gyrus","0.2939","0.2491","0.2715","1"
"5-HT6","Serotonin","[11C]GSK215083","BPND","cerebellum","30","36.6 (SD 9.0)","Radhakrishnan R et al., J Nucl Med 2018","Frontal_Sup_Orb","Superior Frontal Gyrus, Orbital","0.3831","0.3084","0.3458","1"
"5-HT6","Serotonin","[11C]GSK215083","BPND","cerebellum","30","36.6 (SD 9.0)","Radhakrishnan R et al., J Nucl Med 2018","Frontal_Mid","Middle Frontal Gyrus","0.3771","0.2429","0.31","1"
"5-HT6","Serotonin","[11C]GSK215083","BPND","cerebellum","30","36.6 (SD 9.0)","Radhakrishnan R et al., J Nucl Med 2018","Frontal_Mid_Orb","Middle Frontal Gyrus, Orbital","0.395","0.257","0.326","1"
"5-HT6","Serotonin","[11C]GSK215083","BPND","cerebellum","30","36.6 (SD 9.0)","Radhakrishnan R et al., J Nucl Med 2018","Frontal_Inf_Oper","Inferior Frontal Gyrus, Opercular","0.4637","0.3803","0.422","1"
"5-HT6","Serotonin","[11C]GSK215083","BPND","cerebellum","30","36.6 (SD 9.0)","Radhakrishnan R et al., J Nucl Med 2018","Frontal_Inf_Tri","Inferior Frontal Gyrus, Triangular","0.4478","0.2796","0.3637","1"
"5-HT6","Serotonin","[11C]GSK215083","BPND","cerebellum","30","36.6 (SD 9.0)","Radhakrishnan R et al., J Nucl Med 2018","Frontal_Inf_Orb","Inferior Frontal Gyrus, Orbital","0.4657","0.345","0.4053","1"
"5-HT6","Serotonin","[11C]GSK215083","BPND","cerebellum","30","36.6 (SD 9.0)","Radhakrishnan R et al., J Nucl Med 2018","Rolandic_Oper","Rolandic Operculum","0.4505","0.409","0.4297","1"
"5-HT6","Serotonin","[11C]GSK215083","BPND","cerebellum","30","36.6 (SD 9.0)","Radhakrishnan R et al., J Nucl Med 2018","Supp_Motor_Area","Supplementary Motor Area","0.305","0.322","0.3135","1"
"5-HT6","Serotonin","[11C]GSK215083","BPND","cerebellum","30","36.6 (SD 9.0)","Radhakrishnan R et al., J Nucl Med 2018","Olfactory","Olfactory Cortex","0.4002","0.4059","0.4031","1"
"5-HT6","Serotonin","[11C]GSK215083","BPND","cerebellum","30","36.6 (SD 9.0)","Radhakrishnan R et al., J Nucl Med 2018","Frontal_Sup_Medial","Superior Frontal Gyrus, Medial","0.3613","0.3292","0.3452","1"
"5-HT6","Serotonin","[11C]GSK215083","BPND","cerebellum","30","36.6 (SD 9.0)","Radhakrishnan R et al., J Nucl Med 2018","Frontal_Med_Orb","Medial Orbitofrontal Cortex","0.4359","0.4424","0.4392","1"
"5-HT6","Serotonin","[11C]GSK215083","BPND","cerebellum","30","36.6 (SD 9.0)","Radhakrishnan R et al., J Nucl Med 2018","Rectus","Gyrus Rectus","0.4379","0.4271","0.4325","1"
"5-HT6","Serotonin","[11C]GSK215083","BPND","cerebellum","30","36.6 (SD 9.0)","Radhakrishnan R et al., J Nucl Med 2018","Insula","Insula","0.5422","0.52","0.5311","1"
"5-HT6","Serotonin","[11C]GSK215083","BPND","cerebellum","30","36.6 (SD 9.0)","Radhakrishnan R et al., J Nucl Med 2018","Cingulum_Ant","Anterior Cingulate","0.4928","0.4593","0.4761","1"
"5-HT6","Serotonin","[11C]GSK215083","BPND","cerebellum","30","36.6 (SD 9.0)","Radhakrishnan R et al., J Nucl Med 2018","Cingulum_Mid","Middle Cingulate","0.4569","0.3806","0.4187","1"
"5-HT6","Serotonin","[11C]GSK215083","BPND","cerebellum","30","36.6 (SD 9.0)","Radhakrishnan R et al., J Nucl Med 2018","Cingulum_Post","Posterior Cingulate","0.3366","0.1529","0.2448","1"
"5-HT6","Serotonin","[11C]GSK215083","BPND","cerebellum","30","36.6 (SD 9.0)","Radhakrishnan R et al., J Nucl Med 2018","Hippocampus","Hippocampus","0.1634","0.2108","0.1871","1"
"5-HT6","Serotonin","[11C]GSK215083","BPND","cerebellum","30","36.6 (SD 9.0)","Radhakrishnan R et al., J Nucl Med 2018","ParaHippocampal","Parahippocampal Gyrus","0.0886","0.2277","0.1582","1"
"5-HT6","Serotonin","[11C]GSK215083","BPND","cerebellum","30","36.6 (SD 9.0)","Radhakrishnan R et al., J Nucl Med 2018","Amygdala","Amygdala","0.2685","0.2766","0.2725","1"
"5-HT6","Serotonin","[11C]GSK215083","BPND","cerebellum","30","36.6 (SD 9.0)","Radhakrishnan R et al., J Nucl Med 2018","Heschl","Heschl's Gyrus","0.4716","0.4888","0.4802","1"
"5-HT6","Serotonin","[11C]GSK215083","BPND","cerebellum","30","36.6 (SD 9.0)","Radhakrishnan R et al., J Nucl Med 2018","Temporal_Sup","Superior Temporal Gyrus","0.4991","0.383","0.441","1"
"5-HT6","Serotonin","[11C]GSK215083","BPND","cerebellum","30","36.6 (SD 9.0)","Radhakrishnan R et al., J Nucl Med 2018","Temporal_Pole_Sup","Temporal Pole, Superior","0.2626","0.1886","0.2256","1"
"5-HT6","Serotonin","[11C]GSK215083","BPND","cerebellum","30","36.6 (SD 9.0)","Radhakrishnan R et al., J Nucl Med 2018","Temporal_Mid","Middle Temporal Gyrus","0.5359","0.4137","0.4748","1"
"5-HT6","Serotonin","[11C]GSK215083","BPND","cerebellum","30","36.6 (SD 9.0)","Radhakrishnan R et al., J Nucl Med 2018","Temporal_Pole_Mid","Temporal Pole, Middle","0.2738","0.2274","0.2506","1"
"5-HT6","Serotonin","[11C]GSK215083","BPND","cerebellum","30","36.6 (SD 9.0)","Radhakrishnan R et al., J Nucl Med 2018","Temporal_Inf","Inferior Temporal Gyrus","0.5164","0.4404","0.4784","1"
"5-HT6","Serotonin","[11C]GSK215083","BPND","cerebellum","30","36.6 (SD 9.0)","Radhakrishnan R et al., J Nucl Med 2018","Postcentral","Postcentral Gyrus","0.2705","0.2011","0.2358","1"
"5-HT6","Serotonin","[11C]GSK215083","BPND","cerebellum","30","36.6 (SD 9.0)","Radhakrishnan R et al., J Nucl Med 2018","Parietal_Sup","Superior Parietal Lobule","0.2632","0.1822","0.2227","1"
"5-HT6","Serotonin","[11C]GSK215083","BPND","cerebellum","30","36.6 (SD 9.0)","Radhakrishnan R et al., J Nucl Med 2018","Parietal_Inf","Inferior Parietal Lobule","0.4054","0.3398","0.3726","1"
"5-HT6","Serotonin","[11C]GSK215083","BPND","cerebellum","30","36.6 (SD 9.0)","Radhakrishnan R et al., J Nucl Med 2018","SupraMarginal","Supramarginal Gyrus","0.455","0.3179","0.3865","1"
"5-HT6","Serotonin","[11C]GSK215083","BPND","cerebellum","30","36.6 (SD 9.0)","Radhakrishnan R et al., J Nucl Med 2018","Angular","Angular Gyrus","0.4817","0.346","0.4138","1"
"5-HT6","Serotonin","[11C]GSK215083","BPND","cerebellum","30","36.6 (SD 9.0)","Radhakrishnan R et al., J Nucl Med 2018","Precuneus","Precuneus","0.3604","0.3874","0.3739","1"
"5-HT6","Serotonin","[11C]GSK215083","BPND","cerebellum","30","36.6 (SD 9.0)","Radhakrishnan R et al., J Nucl Med 2018","Paracentral_Lobule","Paracentral Lobule","0.1442","0.2227","0.1834","1"
"5-HT6","Serotonin","[11C]GSK215083","BPND","cerebellum","30","36.6 (SD 9.0)","Radhakrishnan R et al., J Nucl Med 2018","Calcarine","Calcarine Cortex","0.4692","0.4281","0.4486","1"
"5-HT6","Serotonin","[11C]GSK215083","BPND","cerebellum","30","36.6 (SD 9.0)","Radhakrishnan R et al., J Nucl Med 2018","Cuneus","Cuneus","0.4301","0.4314","0.4307","1"
"5-HT6","Serotonin","[11C]GSK215083","BPND","cerebellum","30","36.6 (SD 9.0)","Radhakrishnan R et al., J Nucl Med 2018","Lingual","Lingual Gyrus","0.2915","0.3272","0.3094","1"
"5-HT6","Serotonin","[11C]GSK215083","BPND","cerebellum","30","36.6 (SD 9.0)","Radhakrishnan R et al., J Nucl Med 2018","Occipital_Sup","Superior Occipital Gyrus","0.3528","0.3331","0.343","1"
"5-HT6","Serotonin","[11C]GSK215083","BPND","cerebellum","30","36.6 (SD 9.0)","Radhakrishnan R et al., J Nucl Med 2018","Occipital_Mid","Middle Occipital Gyrus","0.4445","0.3447","0.3946","1"
"5-HT6","Serotonin","[11C]GSK215083","BPND","cerebellum","30","36.6 (SD 9.0)","Radhakrishnan R et al., J Nucl Med 2018","Occipital_Inf","Inferior Occipital Gyrus","0.486","0.372","0.429","1"
"5-HT6","Serotonin","[11C]GSK215083","BPND","cerebellum","30","36.6 (SD 9.0)","Radhakrishnan R et al., J Nucl Med 2018","Fusiform","Fusiform Gyrus","0.3841","0.4283","0.4062","1"
"5-HT6","Serotonin","[11C]GSK215083","BPND","cerebellum","30","36.6 (SD 9.0)","Radhakrishnan R et al., J Nucl Med 2018","Caudate","Caudate Nucleus","0.5596","0.6803","0.6199","1"
"5-HT6","Serotonin","[11C]GSK215083","BPND","cerebellum","30","36.6 (SD 9.0)","Radhakrishnan R et al., J Nucl Med 2018","Putamen","Putamen","1.0651","0.9871","1.0261","1"
"5-HT6","Serotonin","[11C]GSK215083","BPND","cerebellum","30","36.6 (SD 9.0)","Radhakrishnan R et al., J Nucl Med 2018","Pallidum","Globus Pallidus","0.6356","0.8965","0.766","1"
"5-HT6","Serotonin","[11C]GSK215083","BPND","cerebellum","30","36.6 (SD 9.0)","Radhakrishnan R et al., J Nucl Med 2018","Thalamus","Thalamus","0.0774","0.1318","0.1046","1"
"SERT","Serotonin","[11C]DASB","BPND","cerebellum","18","30.5 (SD 9.5)","Savli M et al., NeuroImage 2012","Precentral","Precentral Gyrus","3.2381","3.6024","3.4203","0.63"
"SERT","Serotonin","[11C]DASB","BPND","cerebellum","18","30.5 (SD 9.5)","Savli M et al., NeuroImage 2012","Frontal_Sup","Superior Frontal Gyrus","3.4233","3.3665","3.3949","0.58"
"SERT","Serotonin","[11C]DASB","BPND","cerebellum","18","30.5 (SD 9.5)","Savli M et al., NeuroImage 2012","Frontal_Sup_Orb","Superior Frontal Gyrus, Orbital","6.4205","6.1554","6.2879","0.79"
"SERT","Serotonin","[11C]DASB","BPND","cerebellum","18","30.5 (SD 9.5)","Savli M et al., NeuroImage 2012","Frontal_Mid","Middle Frontal Gyrus","4.3414","4.7341","4.5377","0.61"
"SERT","Serotonin","[11C]DASB","BPND","cerebellum","18","30.5 (SD 9.5)","Savli M et al., NeuroImage 2012","Frontal_Mid_Orb","Middle Frontal Gyrus, Orbital","4.9858","5.414","5.1999","0.76"
"SERT","Serotonin","[11C]DASB","BPND","cerebellum","18","30.5 (SD 9.5)","Savli M et al., NeuroImage 2012","Frontal_Inf_Oper","Inferior Frontal Gyrus, Opercular","4.4769","4.5392","4.5081","0.73"
"SERT","Serotonin","[11C]DASB","BPND","cerebellum","18","30.5 (SD 9.5)","Savli M et al., NeuroImage 2012","Frontal_Inf_Tri","Inferior Frontal Gyrus, Triangular","4.6501","5.106","4.8781","0.65"
"SERT","Serotonin","[11C]DASB","BPND","cerebellum","18","30.5 (SD 9.5)","Savli M et al., NeuroImage 2012","Frontal_Inf_Orb","Inferior Frontal Gyrus, Orbital","7.355","7.7404","7.5477","0.73"
"SERT","Serotonin","[11C]DASB","BPND","cerebellum","18","30.5 (SD 9.5)","Savli M et al., NeuroImage 2012","Rolandic_Oper","Rolandic Operculum","7.3876","6.4551","6.9214","0.88"
"SERT","Serotonin","[11C]DASB","BPND","cerebellum","18","30.5 (SD 9.5)","Savli M et al., NeuroImage 2012","Supp_Motor_Area","Supplementary Motor Area","3.0558","3.8318","3.4438","0.71"
"SERT","Serotonin","[11C]DASB","BPND","cerebellum","18","30.5 (SD 9.5)","Savli M et al., NeuroImage 2012","Olfactory","Olfactory Cortex","25.2505","21.8875","23.569","0.99"
"SERT","Serotonin","[11C]DASB","BPND","cerebellum","18","30.5 (SD 9.5)","Savli M et al., NeuroImage 2012","Frontal_Sup_Medial","Superior Frontal Gyrus, Medial","3.7337","3.8795","3.8066","0.69"
"SERT","Serotonin","[11C]DASB","BPND","cerebellum","18","30.5 (SD 9.5)","Savli M et al., NeuroImage 2012","Frontal_Med_Orb","Medial Orbitofrontal Cortex","8.7705","8.8888","8.8297","0.91"
"SERT","Serotonin","[11C]DASB","BPND","cerebellum","18","30.5 (SD 9.5)","Savli M et al., NeuroImage 2012","Rectus","Gyrus Rectus","9.919","10.0118","9.9654","0.96"
"SERT","Serotonin","[11C]DASB","BPND","cerebellum","18","30.5 (SD 9.5)","Savli M et al., NeuroImage 2012","Insula","Insula","14.1808","14.8633","14.522","0.92"
"SERT","Serotonin","[11C]DASB","BPND","cerebellum","18","30.5 (SD 9.5)","Savli M et al., NeuroImage 2012","Cingulum_Ant","Anterior Cingulate","11.5112","10.313","10.9121","1"
"SERT","Serotonin","[11C]DASB","BPND","cerebellum","18","30.5 (SD 9.5)","Savli M et al., NeuroImage 2012","Cingulum_Mid","Middle Cingulate","10.5029","10.9659","10.7344","0.98"
"SERT","Serotonin","[11C]DASB","BPND","cerebellum","18","30.5 (SD 9.5)","Savli M et al., NeuroImage 2012","Cingulum_Post","Posterior Cingulate","9.8409","8.8869","9.3639","0.76"
"SERT","Serotonin","[11C]DASB","BPND","cerebellum","18","30.5 (SD 9.5)","Savli M et al., NeuroImage 2012","Hippocampus","Hippocampus","16.9688","14.5935","15.7811","0.79"
"SERT","Serotonin","[11C]DASB","BPND","cerebellum","18","30.5 (SD 9.5)","Savli M et al., NeuroImage 2012","ParaHippocampal","Parahippocampal Gyrus","15.0433","14.3949","14.7191","0.9"
"SERT","Serotonin","[11C]DASB","BPND","cerebellum","18","30.5 (SD 9.5)","Savli M et al., NeuroImage 2012","Amygdala","Amygdala","31.0973","29.5748","30.336","1"
"SERT","Serotonin","[11C]DASB","BPND","cerebellum","18","30.5 (SD 9.5)","Savli M et al., NeuroImage 2012","Heschl","Heschl's Gyrus","16.672","15.1391","15.9056","0.98"
"SERT","Serotonin","[11C]DASB","BPND","cerebellum","18","30.5 (SD 9.5)","Savli M et al., NeuroImage 2012","Temporal_Sup","Superior Temporal Gyrus","10.2406","8.325","9.2828","0.8"
"SERT","Serotonin","[11C]DASB","BPND","cerebellum","18","30.5 (SD 9.5)","Savli M et al., NeuroImage 2012","Temporal_Pole_Sup","Temporal Pole, Superior","9.8267","11.6744","10.7506","0.57"
"SERT","Serotonin","[11C]DASB","BPND","cerebellum","18","30.5 (SD 9.5)","Savli M et al., NeuroImage 2012","Temporal_Mid","Middle Temporal Gyrus","6.9655","6.5179","6.7417","0.71"
"SERT","Serotonin","[11C]DASB","BPND","cerebellum","18","30.5 (SD 9.5)","Savli M et al., NeuroImage 2012","Temporal_Pole_Mid","Temporal Pole, Middle","8.804","10.3153","9.5597","0.55"
"SERT","Serotonin","[11C]DASB","BPND","cerebellum","18","30.5 (SD 9.5)","Savli M et al., NeuroImage 2012","Temporal_Inf","Inferior Temporal Gyrus","5.3202","5.2649","5.2925","0.74"
"SERT","Serotonin","[11C]DASB","BPND","cerebellum","18","30.5 (SD 9.5)","Savli M et al., NeuroImage 2012","Postcentral","Postcentral Gyrus","4.7689","4.4941","4.6315","0.62"
"SERT","Serotonin","[11C]DASB","BPND","cerebellum","18","30.5 (SD 9.5)","Savli M et al., NeuroImage 2012","Parietal_Sup","Superior Parietal Lobule","","","","0.39"
"SERT","Serotonin","[11C]DASB","BPND","cerebellum","18","30.5 (SD 9.5)","Savli M et al., NeuroImage 2012","Parietal_Inf","Inferior Parietal Lobule","3.1353","2.5439","2.8396","0.62"
"SERT","Serotonin","[11C]DASB","BPND","cerebellum","18","30.5 (SD 9.5)","Savli M et al., NeuroImage 2012","SupraMarginal","Supramarginal Gyrus","4.429","3.5692","3.9991","0.65"
"SERT","Serotonin","[11C]DASB","BPND","cerebellum","18","30.5 (SD 9.5)","Savli M et al., NeuroImage 2012","Angular","Angular Gyrus","3.272","","3.272","0.54"
"SERT","Serotonin","[11C]DASB","BPND","cerebellum","18","30.5 (SD 9.5)","Savli M et al., NeuroImage 2012","Precuneus","Precuneus","4.9139","5.447","5.1804","0.7"
"SERT","Serotonin","[11C]DASB","BPND","cerebellum","18","30.5 (SD 9.5)","Savli M et al., NeuroImage 2012","Paracentral_Lobule","Paracentral Lobule","3.5906","5.0556","4.3231","0.71"
"SERT","Serotonin","[11C]DASB","BPND","cerebellum","18","30.5 (SD 9.5)","Savli M et al., NeuroImage 2012","Calcarine","Calcarine Cortex","10.1445","9.714","9.9293","0.8"
"SERT","Serotonin","[11C]DASB","BPND","cerebellum","18","30.5 (SD 9.5)","Savli M et al., NeuroImage 2012","Cuneus","Cuneus","7.2278","6.9919","7.1098","0.71"
"SERT","Serotonin","[11C]DASB","BPND","cerebellum","18","30.5 (SD 9.5)","Savli M et al., NeuroImage 2012","Lingual","Lingual Gyrus","9.4834","10.005","9.7442","0.82"
"SERT","Serotonin","[11C]DASB","BPND","cerebellum","18","30.5 (SD 9.5)","Savli M et al., NeuroImage 2012","Occipital_Sup","Superior Occipital Gyrus","4.6532","3.8173","4.2353","0.57"
"SERT","Serotonin","[11C]DASB","BPND","cerebellum","18","30.5 (SD 9.5)","Savli M et al., NeuroImage 2012","Occipital_Mid","Middle Occipital Gyrus","4.6808","3.6491","4.1649","0.56"
"SERT","Serotonin","[11C]DASB","BPND","cerebellum","18","30.5 (SD 9.5)","Savli M et al., NeuroImage 2012","Occipital_Inf","Inferior Occipital Gyrus","5.6987","4.9453","5.322","0.65"
"SERT","Serotonin","[11C]DASB","BPND","cerebellum","18","30.5 (SD 9.5)","Savli M et al., NeuroImage 2012","Fusiform","Fusiform Gyrus","8.4939","7.8629","8.1784","0.81"
"SERT","Serotonin","[11C]DASB","BPND","cerebellum","18","30.5 (SD 9.5)","Savli M et al., NeuroImage 2012","Caudate","Caudate Nucleus","","18.9151","18.9151","0.52"
"SERT","Serotonin","[11C]DASB","BPND","cerebellum","18","30.5 (SD 9.5)","Savli M et al., NeuroImage 2012","Putamen","Putamen","31.5992","30.1723","30.8857","1"
"SERT","Serotonin","[11C]DASB","BPND","cerebellum","18","30.5 (SD 9.5)","Savli M et al., NeuroImage 2012","Pallidum","Globus Pallidus","40.3813","39.1954","39.7883","1"
"SERT","Serotonin","[11C]DASB","BPND","cerebellum","18","30.5 (SD 9.5)","Savli M et al., NeuroImage 2012","Thalamus","Thalamus","28.4012","30.9276","29.6644","0.82"
"α4β2 nicotinic","Acetylcholine","[18F]flubatine","VT","none (arterial input)","30","33.5 (SD 10.7)","Hillmer AT et al., NeuroImage 2016","Precentral","Precentral Gyrus","10.1283","9.7783","9.9533","1"
"α4β2 nicotinic","Acetylcholine","[18F]flubatine","VT","none (arterial input)","30","33.5 (SD 10.7)","Hillmer AT et al., NeuroImage 2016","Frontal_Sup","Superior Frontal Gyrus","9.6802","9.4398","9.56","1"
"α4β2 nicotinic","Acetylcholine","[18F]flubatine","VT","none (arterial input)","30","33.5 (SD 10.7)","Hillmer AT et al., NeuroImage 2016","Frontal_Sup_Orb","Superior Frontal Gyrus, Orbital","9.7889","9.9741","9.8815","1"
"α4β2 nicotinic","Acetylcholine","[18F]flubatine","VT","none (arterial input)","30","33.5 (SD 10.7)","Hillmer AT et al., NeuroImage 2016","Frontal_Mid","Middle Frontal Gyrus","10.4231","9.4977","9.9604","1"
"α4β2 nicotinic","Acetylcholine","[18F]flubatine","VT","none (arterial input)","30","33.5 (SD 10.7)","Hillmer AT et al., NeuroImage 2016","Frontal_Mid_Orb","Middle Frontal Gyrus, Orbital","10.1787","10.1804","10.1796","1"
"α4β2 nicotinic","Acetylcholine","[18F]flubatine","VT","none (arterial input)","30","33.5 (SD 10.7)","Hillmer AT et al., NeuroImage 2016","Frontal_Inf_Oper","Inferior Frontal Gyrus, Opercular","10.7824","10.5199","10.6512","1"
"α4β2 nicotinic","Acetylcholine","[18F]flubatine","VT","none (arterial input)","30","33.5 (SD 10.7)","Hillmer AT et al., NeuroImage 2016","Frontal_Inf_Tri","Inferior Frontal Gyrus, Triangular","10.8327","9.7289","10.2808","1"
"α4β2 nicotinic","Acetylcholine","[18F]flubatine","VT","none (arterial input)","30","33.5 (SD 10.7)","Hillmer AT et al., NeuroImage 2016","Frontal_Inf_Orb","Inferior Frontal Gyrus, Orbital","10.2109","10.0516","10.1312","1"
"α4β2 nicotinic","Acetylcholine","[18F]flubatine","VT","none (arterial input)","30","33.5 (SD 10.7)","Hillmer AT et al., NeuroImage 2016","Rolandic_Oper","Rolandic Operculum","9.9009","10.0023","9.9516","1"
"α4β2 nicotinic","Acetylcholine","[18F]flubatine","VT","none (arterial input)","30","33.5 (SD 10.7)","Hillmer AT et al., NeuroImage 2016","Supp_Motor_Area","Supplementary Motor Area","9.6343","10.1807","9.9075","1"
"α4β2 nicotinic","Acetylcholine","[18F]flubatine","VT","none (arterial input)","30","33.5 (SD 10.7)","Hillmer AT et al., NeuroImage 2016","Olfactory","Olfactory Cortex","9.4061","9.4301","9.4181","1"
"α4β2 nicotinic","Acetylcholine","[18F]flubatine","VT","none (arterial input)","30","33.5 (SD 10.7)","Hillmer AT et al., NeuroImage 2016","Frontal_Sup_Medial","Superior Frontal Gyrus, Medial","9.5407","9.6658","9.6033","1"
"α4β2 nicotinic","Acetylcholine","[18F]flubatine","VT","none (arterial input)","30","33.5 (SD 10.7)","Hillmer AT et al., NeuroImage 2016","Frontal_Med_Orb","Medial Orbitofrontal Cortex","9.8637","10.1242","9.994","1"
"α4β2 nicotinic","Acetylcholine","[18F]flubatine","VT","none (arterial input)","30","33.5 (SD 10.7)","Hillmer AT et al., NeuroImage 2016","Rectus","Gyrus Rectus","9.7978","9.9581","9.878","1"
"α4β2 nicotinic","Acetylcholine","[18F]flubatine","VT","none (arterial input)","30","33.5 (SD 10.7)","Hillmer AT et al., NeuroImage 2016","Insula","Insula","10.1852","10.4737","10.3295","1"
"α4β2 nicotinic","Acetylcholine","[18F]flubatine","VT","none (arterial input)","30","33.5 (SD 10.7)","Hillmer AT et al., NeuroImage 2016","Cingulum_Ant","Anterior Cingulate","10.2043","10.2943","10.2493","1"
"α4β2 nicotinic","Acetylcholine","[18F]flubatine","VT","none (arterial input)","30","33.5 (SD 10.7)","Hillmer AT et al., NeuroImage 2016","Cingulum_Mid","Middle Cingulate","10.8676","10.7938","10.8307","1"
"α4β2 nicotinic","Acetylcholine","[18F]flubatine","VT","none (arterial input)","30","33.5 (SD 10.7)","Hillmer AT et al., NeuroImage 2016","Cingulum_Post","Posterior Cingulate","9.2484","8.5676","8.908","1"
"α4β2 nicotinic","Acetylcholine","[18F]flubatine","VT","none (arterial input)","30","33.5 (SD 10.7)","Hillmer AT et al., NeuroImage 2016","Hippocampus","Hippocampus","11.0071","10.9958","11.0014","1"
"α4β2 nicotinic","Acetylcholine","[18F]flubatine","VT","none (arterial input)","30","33.5 (SD 10.7)","Hillmer AT et al., NeuroImage 2016","ParaHippocampal","Parahippocampal Gyrus","8.1464","8.7868","8.4666","1"
"α4β2 nicotinic","Acetylcholine","[18F]flubatine","VT","none (arterial input)","30","33.5 (SD 10.7)","Hillmer AT et al., NeuroImage 2016","Amygdala","Amygdala","9.2892","9.3115","9.3004","1"
"α4β2 nicotinic","Acetylcholine","[18F]flubatine","VT","none (arterial input)","30","33.5 (SD 10.7)","Hillmer AT et al., NeuroImage 2016","Heschl","Heschl's Gyrus","10.1954","10.6044","10.3999","1"
"α4β2 nicotinic","Acetylcholine","[18F]flubatine","VT","none (arterial input)","30","33.5 (SD 10.7)","Hillmer AT et al., NeuroImage 2016","Temporal_Sup","Superior Temporal Gyrus","9.7294","9.3302","9.5298","1"
"α4β2 nicotinic","Acetylcholine","[18F]flubatine","VT","none (arterial input)","30","33.5 (SD 10.7)","Hillmer AT et al., NeuroImage 2016","Temporal_Pole_Sup","Temporal Pole, Superior","7.419","7.3144","7.3667","1"
"α4β2 nicotinic","Acetylcholine","[18F]flubatine","VT","none (arterial input)","30","33.5 (SD 10.7)","Hillmer AT et al., NeuroImage 2016","Temporal_Mid","Middle Temporal Gyrus","9.7044","9.4704","9.5874","1"
"α4β2 nicotinic","Acetylcholine","[18F]flubatine","VT","none (arterial input)","30","33.5 (SD 10.7)","Hillmer AT et al., NeuroImage 2016","Temporal_Pole_Mid","Temporal Pole, Middle","7.7028","7.5431","7.6229","1"
"α4β2 nicotinic","Acetylcholine","[18F]flubatine","VT","none (arterial input)","30","33.5 (SD 10.7)","Hillmer AT et al., NeuroImage 2016","Temporal_Inf","Inferior Temporal Gyrus","9.1873","9.3994","9.2934","1"
"α4β2 nicotinic","Acetylcholine","[18F]flubatine","VT","none (arterial input)","30","33.5 (SD 10.7)","Hillmer AT et al., NeuroImage 2016","Postcentral","Postcentral Gyrus","9.539","9.0199","9.2794","1"
"α4β2 nicotinic","Acetylcholine","[18F]flubatine","VT","none (arterial input)","30","33.5 (SD 10.7)","Hillmer AT et al., NeuroImage 2016","Parietal_Sup","Superior Parietal Lobule","8.7812","8.3848","8.583","1"
"α4β2 nicotinic","Acetylcholine","[18F]flubatine","VT","none (arterial input)","30","33.5 (SD 10.7)","Hillmer AT et al., NeuroImage 2016","Parietal_Inf","Inferior Parietal Lobule","10.0575","9.4743","9.7659","1"
"α4β2 nicotinic","Acetylcholine","[18F]flubatine","VT","none (arterial input)","30","33.5 (SD 10.7)","Hillmer AT et al., NeuroImage 2016","SupraMarginal","Supramarginal Gyrus","10.3573","9.4091","9.8832","1"
"α4β2 nicotinic","Acetylcholine","[18F]flubatine","VT","none (arterial input)","30","33.5 (SD 10.7)","Hillmer AT et al., NeuroImage 2016","Angular","Angular Gyrus","10.4726","9.7238","10.0982","1"
"α4β2 nicotinic","Acetylcholine","[18F]flubatine","VT","none (arterial input)","30","33.5 (SD 10.7)","Hillmer AT et al., NeuroImage 2016","Precuneus","Precuneus","9.1509","9.6529","9.4019","1"
"α4β2 nicotinic","Acetylcholine","[18F]flubatine","VT","none (arterial input)","30","33.5 (SD 10.7)","Hillmer AT et al., NeuroImage 2016","Paracentral_Lobule","Paracentral Lobule","8.5753","9.3334","8.9543","1"
"α4β2 nicotinic","Acetylcholine","[18F]flubatine","VT","none (arterial input)","30","33.5 (SD 10.7)","Hillmer AT et al., NeuroImage 2016","Calcarine","Calcarine Cortex","8.7792","9.3804","9.0798","1"
"α4β2 nicotinic","Acetylcholine","[18F]flubatine","VT","none (arterial input)","30","33.5 (SD 10.7)","Hillmer AT et al., NeuroImage 2016","Cuneus","Cuneus","9.008","9.5473","9.2776","1"
"α4β2 nicotinic","Acetylcholine","[18F]flubatine","VT","none (arterial input)","30","33.5 (SD 10.7)","Hillmer AT et al., NeuroImage 2016","Lingual","Lingual Gyrus","8.7107","9.1537","8.9322","1"
"α4β2 nicotinic","Acetylcholine","[18F]flubatine","VT","none (arterial input)","30","33.5 (SD 10.7)","Hillmer AT et al., NeuroImage 2016","Occipital_Sup","Superior Occipital Gyrus","9.3037","9.6568","9.4803","1"
"α4β2 nicotinic","Acetylcholine","[18F]flubatine","VT","none (arterial input)","30","33.5 (SD 10.7)","Hillmer AT et al., NeuroImage 2016","Occipital_Mid","Middle Occipital Gyrus","10.1651","9.7122","9.9386","1"
"α4β2 nicotinic","Acetylcholine","[18F]flubatine","VT","none (arterial input)","30","33.5 (SD 10.7)","Hillmer AT et al., NeuroImage 2016","Occipital_Inf","Inferior Occipital Gyrus","9.8225","9.4577","9.6401","1"
"α4β2 nicotinic","Acetylcholine","[18F]flubatine","VT","none (arterial input)","30","33.5 (SD 10.7)","Hillmer AT et al., NeuroImage 2016","Fusiform","Fusiform Gyrus","9.2619","9.5681","9.415","1"
"α4β2 nicotinic","Acetylcholine","[18F]flubatine","VT","none (arterial input)","30","33.5 (SD 10.7)","Hillmer AT et al., NeuroImage 2016","Caudate","Caudate Nucleus","8.8392","9.9755","9.4074","1"
"α4β2 nicotinic","Acetylcholine","[18F]flubatine","VT","none (arterial input)","30","33.5 (SD 10.7)","Hillmer AT et al., NeuroImage 2016","Putamen","Putamen","11.7635","11.6571","11.7103","1"
"α4β2 nicotinic","Acetylcholine","[18F]flubatine","VT","none (arterial input)","30","33.5 (SD 10.7)","Hillmer AT et al., NeuroImage 2016","Pallidum","Globus Pallidus","11.5593","10.975","11.2671","1"
"α4β2 nicotinic","Acetylcholine","[18F]flubatine","VT","none (arterial input)","30","33.5 (SD 10.7)","Hillmer AT et al., NeuroImage 2016","Thalamus","Thalamus","21.2933","22.0036","21.6485","1"
"M1 muscarinic","Acetylcholine","[11C]LSN3172176","BPND","cerebellum","24","40.4 (SD 11.7)","Naganawa M et al., J Nucl Med 2020","Precentral","Precentral Gyrus","2.889","2.9427","2.9158","1"
"M1 muscarinic","Acetylcholine","[11C]LSN3172176","BPND","cerebellum","24","40.4 (SD 11.7)","Naganawa M et al., J Nucl Med 2020","Frontal_Sup","Superior Frontal Gyrus","2.9327","3.0195","2.9761","1"
"M1 muscarinic","Acetylcholine","[11C]LSN3172176","BPND","cerebellum","24","40.4 (SD 11.7)","Naganawa M et al., J Nucl Med 2020","Frontal_Sup_Orb","Superior Frontal Gyrus, Orbital","3.3319","3.4242","3.378","1"
"M1 muscarinic","Acetylcholine","[11C]LSN3172176","BPND","cerebellum","24","40.4 (SD 11.7)","Naganawa M et al., J Nucl Med 2020","Frontal_Mid","Middle Frontal Gyrus","3.3867","3.3843","3.3855","1"
"M1 muscarinic","Acetylcholine","[11C]LSN3172176","BPND","cerebellum","24","40.4 (SD 11.7)","Naganawa M et al., J Nucl Med 2020","Frontal_Mid_Orb","Middle Frontal Gyrus, Orbital","3.4852","3.844","3.6646","1"
"M1 muscarinic","Acetylcholine","[11C]LSN3172176","BPND","cerebellum","24","40.4 (SD 11.7)","Naganawa M et al., J Nucl Med 2020","Frontal_Inf_Oper","Inferior Frontal Gyrus, Opercular","3.4225","3.5474","3.4849","1"
"M1 muscarinic","Acetylcholine","[11C]LSN3172176","BPND","cerebellum","24","40.4 (SD 11.7)","Naganawa M et al., J Nucl Med 2020","Frontal_Inf_Tri","Inferior Frontal Gyrus, Triangular","3.4469","3.3697","3.4083","1"
"M1 muscarinic","Acetylcholine","[11C]LSN3172176","BPND","cerebellum","24","40.4 (SD 11.7)","Naganawa M et al., J Nucl Med 2020","Frontal_Inf_Orb","Inferior Frontal Gyrus, Orbital","3.4718","3.672","3.5719","1"
"M1 muscarinic","Acetylcholine","[11C]LSN3172176","BPND","cerebellum","24","40.4 (SD 11.7)","Naganawa M et al., J Nucl Med 2020","Rolandic_Oper","Rolandic Operculum","3.316","3.5599","3.438","1"
"M1 muscarinic","Acetylcholine","[11C]LSN3172176","BPND","cerebellum","24","40.4 (SD 11.7)","Naganawa M et al., J Nucl Med 2020","Supp_Motor_Area","Supplementary Motor Area","3.1221","3.0549","3.0885","1"
"M1 muscarinic","Acetylcholine","[11C]LSN3172176","BPND","cerebellum","24","40.4 (SD 11.7)","Naganawa M et al., J Nucl Med 2020","Olfactory","Olfactory Cortex","4.477","4.3467","4.4118","1"
"M1 muscarinic","Acetylcholine","[11C]LSN3172176","BPND","cerebellum","24","40.4 (SD 11.7)","Naganawa M et al., J Nucl Med 2020","Frontal_Sup_Medial","Superior Frontal Gyrus, Medial","3.3787","3.351","3.3649","1"
"M1 muscarinic","Acetylcholine","[11C]LSN3172176","BPND","cerebellum","24","40.4 (SD 11.7)","Naganawa M et al., J Nucl Med 2020","Frontal_Med_Orb","Medial Orbitofrontal Cortex","3.9059","3.9004","3.9031","1"
"M1 muscarinic","Acetylcholine","[11C]LSN3172176","BPND","cerebellum","24","40.4 (SD 11.7)","Naganawa M et al., J Nucl Med 2020","Rectus","Gyrus Rectus","4.0001","4.0374","4.0188","1"
"M1 muscarinic","Acetylcholine","[11C]LSN3172176","BPND","cerebellum","24","40.4 (SD 11.7)","Naganawa M et al., J Nucl Med 2020","Insula","Insula","3.5994","4.1991","3.8992","1"
"M1 muscarinic","Acetylcholine","[11C]LSN3172176","BPND","cerebellum","24","40.4 (SD 11.7)","Naganawa M et al., J Nucl Med 2020","Cingulum_Ant","Anterior Cingulate","3.7433","3.5295","3.6364","1"
"M1 muscarinic","Acetylcholine","[11C]LSN3172176","BPND","cerebellum","24","40.4 (SD 11.7)","Naganawa M et al., J Nucl Med 2020","Cingulum_Mid","Middle Cingulate","3.9488","3.628","3.7884","1"
"M1 muscarinic","Acetylcholine","[11C]LSN3172176","BPND","cerebellum","24","40.4 (SD 11.7)","Naganawa M et al., J Nucl Med 2020","Cingulum_Post","Posterior Cingulate","2.9388","1.9807","2.4597","1"
"M1 muscarinic","Acetylcholine","[11C]LSN3172176","BPND","cerebellum","24","40.4 (SD 11.7)","Naganawa M et al., J Nucl Med 2020","Hippocampus","Hippocampus","2.1386","2.1402","2.1394","1"
"M1 muscarinic","Acetylcholine","[11C]LSN3172176","BPND","cerebellum","24","40.4 (SD 11.7)","Naganawa M et al., J Nucl Med 2020","ParaHippocampal","Parahippocampal Gyrus","2.4507","2.9345","2.6926","1"
"M1 muscarinic","Acetylcholine","[11C]LSN3172176","BPND","cerebellum","24","40.4 (SD 11.7)","Naganawa M et al., J Nucl Med 2020","Amygdala","Amygdala","3.3826","3.5671","3.4748","1"
"M1 muscarinic","Acetylcholine","[11C]LSN3172176","BPND","cerebellum","24","40.4 (SD 11.7)","Naganawa M et al., J Nucl Med 2020","Heschl","Heschl's Gyrus","3.8732","4.3174","4.0953","1"
"M1 muscarinic","Acetylcholine","[11C]LSN3172176","BPND","cerebellum","24","40.4 (SD 11.7)","Naganawa M et al., J Nucl Med 2020","Temporal_Sup","Superior Temporal Gyrus","4.0278","4.0174","4.0226","1"
"M1 muscarinic","Acetylcholine","[11C]LSN3172176","BPND","cerebellum","24","40.4 (SD 11.7)","Naganawa M et al., J Nucl Med 2020","Temporal_Pole_Sup","Temporal Pole, Superior","2.9351","3.1405","3.0378","1"
"M1 muscarinic","Acetylcholine","[11C]LSN3172176","BPND","cerebellum","24","40.4 (SD 11.7)","Naganawa M et al., J Nucl Med 2020","Temporal_Mid","Middle Temporal Gyrus","3.9023","4.066","3.9841","1"
"M1 muscarinic","Acetylcholine","[11C]LSN3172176","BPND","cerebellum","24","40.4 (SD 11.7)","Naganawa M et al., J Nucl Med 2020","Temporal_Pole_Mid","Temporal Pole, Middle","3.3477","3.3909","3.3693","1"
"M1 muscarinic","Acetylcholine","[11C]LSN3172176","BPND","cerebellum","24","40.4 (SD 11.7)","Naganawa M et al., J Nucl Med 2020","Temporal_Inf","Inferior Temporal Gyrus","3.7182","4.0529","3.8856","1"
"M1 muscarinic","Acetylcholine","[11C]LSN3172176","BPND","cerebellum","24","40.4 (SD 11.7)","Naganawa M et al., J Nucl Med 2020","Postcentral","Postcentral Gyrus","3.1371","3.1235","3.1303","1"
"M1 muscarinic","Acetylcholine","[11C]LSN3172176","BPND","cerebellum","24","40.4 (SD 11.7)","Naganawa M et al., J Nucl Med 2020","Parietal_Sup","Superior Parietal Lobule","3.2645","3.3363","3.3004","1"
"M1 muscarinic","Acetylcholine","[11C]LSN3172176","BPND","cerebellum","24","40.4 (SD 11.7)","Naganawa M et al., J Nucl Med 2020","Parietal_Inf","Inferior Parietal Lobule","3.8493","3.9529","3.9011","1"
"M1 muscarinic","Acetylcholine","[11C]LSN3172176","BPND","cerebellum","24","40.4 (SD 11.7)","Naganawa M et al., J Nucl Med 2020","SupraMarginal","Supramarginal Gyrus","3.9167","3.7094","3.8131","1"
"M1 muscarinic","Acetylcholine","[11C]LSN3172176","BPND","cerebellum","24","40.4 (SD 11.7)","Naganawa M et al., J Nucl Med 2020","Angular","Angular Gyrus","3.9473","3.9154","3.9313","1"
"M1 muscarinic","Acetylcholine","[11C]LSN3172176","BPND","cerebellum","24","40.4 (SD 11.7)","Naganawa M et al., J Nucl Med 2020","Precuneus","Precuneus","3.6095","3.518","3.5637","1"
"M1 muscarinic","Acetylcholine","[11C]LSN3172176","BPND","cerebellum","24","40.4 (SD 11.7)","Naganawa M et al., J Nucl Med 2020","Paracentral_Lobule","Paracentral Lobule","2.6063","2.8173","2.7118","1"
"M1 muscarinic","Acetylcholine","[11C]LSN3172176","BPND","cerebellum","24","40.4 (SD 11.7)","Naganawa M et al., J Nucl Med 2020","Calcarine","Calcarine Cortex","4.118","3.7985","3.9583","1"
"M1 muscarinic","Acetylcholine","[11C]LSN3172176","BPND","cerebellum","24","40.4 (SD 11.7)","Naganawa M et al., J Nucl Med 2020","Cuneus","Cuneus","3.8684","3.9189","3.8937","1"
"M1 muscarinic","Acetylcholine","[11C]LSN3172176","BPND","cerebellum","24","40.4 (SD 11.7)","Naganawa M et al., J Nucl Med 2020","Lingual","Lingual Gyrus","3.0732","3.2146","3.1439","1"
"M1 muscarinic","Acetylcholine","[11C]LSN3172176","BPND","cerebellum","24","40.4 (SD 11.7)","Naganawa M et al., J Nucl Med 2020","Occipital_Sup","Superior Occipital Gyrus","3.6744","3.7931","3.7337","1"
"M1 muscarinic","Acetylcholine","[11C]LSN3172176","BPND","cerebellum","24","40.4 (SD 11.7)","Naganawa M et al., J Nucl Med 2020","Occipital_Mid","Middle Occipital Gyrus","3.9091","4.0826","3.9959","1"
"M1 muscarinic","Acetylcholine","[11C]LSN3172176","BPND","cerebellum","24","40.4 (SD 11.7)","Naganawa M et al., J Nucl Med 2020","Occipital_Inf","Inferior Occipital Gyrus","3.7881","4.0246","3.9063","1"
"M1 muscarinic","Acetylcholine","[11C]LSN3172176","BPND","cerebellum","24","40.4 (SD 11.7)","Naganawa M et al., J Nucl Med 2020","Fusiform","Fusiform Gyrus","3.4425","3.6926","3.5675","1"
"M1 muscarinic","Acetylcholine","[11C]LSN3172176","BPND","cerebellum","24","40.4 (SD 11.7)","Naganawa M et al., J Nucl Med 2020","Caudate","Caudate Nucleus","3.8837","3.8821","3.8829","1"
"M1 muscarinic","Acetylcholine","[11C]LSN3172176","BPND","cerebellum","24","40.4 (SD 11.7)","Naganawa M et al., J Nucl Med 2020","Putamen","Putamen","5.8389","6.0156","5.9272","1"
"M1 muscarinic","Acetylcholine","[11C]LSN3172176","BPND","cerebellum","24","40.4 (SD 11.7)","Naganawa M et al., J Nucl Med 2020","Pallidum","Globus Pallidus","2.8019","3.1397","2.9708","1"
"M1 muscarinic","Acetylcholine","[11C]LSN3172176","BPND","cerebellum","24","40.4 (SD 11.7)","Naganawa M et al., J Nucl Med 2020","Thalamus","Thalamus","0.8056","0.824","0.8148","1"
"VAChT","Acetylcholine","[18F]FEOBV","SUVR","white matter","18","66.8 (SD 6.8)","Aghourian M et al., Mol Psychiatry 2017","Precentral","Precentral Gyrus","23.6441","22.8953","23.2697","1"
"VAChT","Acetylcholine","[18F]FEOBV","SUVR","white matter","18","66.8 (SD 6.8)","Aghourian M et al., Mol Psychiatry 2017","Frontal_Sup","Superior Frontal Gyrus","19.221","19.3228","19.2719","1"
"VAChT","Acetylcholine","[18F]FEOBV","SUVR","white matter","18","66.8 (SD 6.8)","Aghourian M et al., Mol Psychiatry 2017","Frontal_Sup_Orb","Superior Frontal Gyrus, Orbital","23.8119","22.9501","23.381","1"
"VAChT","Acetylcholine","[18F]FEOBV","SUVR","white matter","18","66.8 (SD 6.8)","Aghourian M et al., Mol Psychiatry 2017","Frontal_Mid","Middle Frontal Gyrus","21.0944","20.22","20.6572","1"
"VAChT","Acetylcholine","[18F]FEOBV","SUVR","white matter","18","66.8 (SD 6.8)","Aghourian M et al., Mol Psychiatry 2017","Frontal_Mid_Orb","Middle Frontal Gyrus, Orbital","24.437","23.847","24.142","1"
"VAChT","Acetylcholine","[18F]FEOBV","SUVR","white matter","18","66.8 (SD 6.8)","Aghourian M et al., Mol Psychiatry 2017","Frontal_Inf_Oper","Inferior Frontal Gyrus, Opercular","24.2152","22.5835","23.3993","1"
"VAChT","Acetylcholine","[18F]FEOBV","SUVR","white matter","18","66.8 (SD 6.8)","Aghourian M et al., Mol Psychiatry 2017","Frontal_Inf_Tri","Inferior Frontal Gyrus, Triangular","23.1032","21.1134","22.1083","1"
"VAChT","Acetylcholine","[18F]FEOBV","SUVR","white matter","18","66.8 (SD 6.8)","Aghourian M et al., Mol Psychiatry 2017","Frontal_Inf_Orb","Inferior Frontal Gyrus, Orbital","24.9055","23.7534","24.3294","1"
"VAChT","Acetylcholine","[18F]FEOBV","SUVR","white matter","18","66.8 (SD 6.8)","Aghourian M et al., Mol Psychiatry 2017","Rolandic_Oper","Rolandic Operculum","28.3095","26.6589","27.4842","1"
"VAChT","Acetylcholine","[18F]FEOBV","SUVR","white matter","18","66.8 (SD 6.8)","Aghourian M et al., Mol Psychiatry 2017","Supp_Motor_Area","Supplementary Motor Area","22.9267","24.2286","23.5776","1"
"VAChT","Acetylcholine","[18F]FEOBV","SUVR","white matter","18","66.8 (SD 6.8)","Aghourian M et al., Mol Psychiatry 2017","Olfactory","Olfactory Cortex","42.9224","36.6398","39.7811","1"
"VAChT","Acetylcholine","[18F]FEOBV","SUVR","white matter","18","66.8 (SD 6.8)","Aghourian M et al., Mol Psychiatry 2017","Frontal_Sup_Medial","Superior Frontal Gyrus, Medial","19.6054","19.9076","19.7565","1"
"VAChT","Acetylcholine","[18F]FEOBV","SUVR","white matter","18","66.8 (SD 6.8)","Aghourian M et al., Mol Psychiatry 2017","Frontal_Med_Orb","Medial Orbitofrontal Cortex","23.3258","23.9852","23.6555","1"
"VAChT","Acetylcholine","[18F]FEOBV","SUVR","white matter","18","66.8 (SD 6.8)","Aghourian M et al., Mol Psychiatry 2017","Rectus","Gyrus Rectus","25.8837","26.2677","26.0757","1"
"VAChT","Acetylcholine","[18F]FEOBV","SUVR","white matter","18","66.8 (SD 6.8)","Aghourian M et al., Mol Psychiatry 2017","Insula","Insula","29.7637","29.0801","29.4219","1"
"VAChT","Acetylcholine","[18F]FEOBV","SUVR","white matter","18","66.8 (SD 6.8)","Aghourian M et al., Mol Psychiatry 2017","Cingulum_Ant","Anterior Cingulate","27.9048","27.2343","27.5696","1"
"VAChT","Acetylcholine","[18F]FEOBV","SUVR","white matter","18","66.8 (SD 6.8)","Aghourian M et al., Mol Psychiatry 2017","Cingulum_Mid","Middle Cingulate","30.6815","30.0871","30.3843","1"
"VAChT","Acetylcholine","[18F]FEOBV","SUVR","white matter","18","66.8 (SD 6.8)","Aghourian M et al., Mol Psychiatry 2017","Cingulum_Post","Posterior Cingulate","23.4993","19.5623","21.5308","1"
"VAChT","Acetylcholine","[18F]FEOBV","SUVR","white matter","18","66.8 (SD 6.8)","Aghourian M et al., Mol Psychiatry 2017","Hippocampus","Hippocampus","36.3234","34.3425","35.333","1"
"VAChT","Acetylcholine","[18F]FEOBV","SUVR","white matter","18","66.8 (SD 6.8)","Aghourian M et al., Mol Psychiatry 2017","ParaHippocampal","Parahippocampal Gyrus","25.717","28.1518","26.9344","1"
"VAChT","Acetylcholine","[18F]FEOBV","SUVR","white matter","18","66.8 (SD 6.8)","Aghourian M et al., Mol Psychiatry 2017","Amygdala","Amygdala","43.3628","39.8385","41.6007","1"
"VAChT","Acetylcholine","[18F]FEOBV","SUVR","white matter","18","66.8 (SD 6.8)","Aghourian M et al., Mol Psychiatry 2017","Heschl","Heschl's Gyrus","31.3705","29.5968","30.4837","1"
"VAChT","Acetylcholine","[18F]FEOBV","SUVR","white matter","18","66.8 (SD 6.8)","Aghourian M et al., Mol Psychiatry 2017","Temporal_Sup","Superior Temporal Gyrus","27.9714","25.7976","26.8845","1"
"VAChT","Acetylcholine","[18F]FEOBV","SUVR","white matter","18","66.8 (SD 6.8)","Aghourian M et al., Mol Psychiatry 2017","Temporal_Pole_Sup","Temporal Pole, Superior","19.9783","18.3758","19.177","1"
"VAChT","Acetylcholine","[18F]FEOBV","SUVR","white matter","18","66.8 (SD 6.8)","Aghourian M et al., Mol Psychiatry 2017","Temporal_Mid","Middle Temporal Gyrus","24.1155","23.7404","23.9279","1"
"VAChT","Acetylcholine","[18F]FEOBV","SUVR","white matter","18","66.8 (SD 6.8)","Aghourian M et al., Mol Psychiatry 2017","Temporal_Pole_Mid","Temporal Pole, Middle","21.2248","19.3959","20.3103","1"
"VAChT","Acetylcholine","[18F]FEOBV","SUVR","white matter","18","66.8 (SD 6.8)","Aghourian M et al., Mol Psychiatry 2017","Temporal_Inf","Inferior Temporal Gyrus","22.2378","22.4167","22.3272","1"
"VAChT","Acetylcholine","[18F]FEOBV","SUVR","white matter","18","66.8 (SD 6.8)","Aghourian M et al., Mol Psychiatry 2017","Postcentral","Postcentral Gyrus","24.297","22.5753","23.4362","1"
"VAChT","Acetylcholine","[18F]FEOBV","SUVR","white matter","18","66.8 (SD 6.8)","Aghourian M et al., Mol Psychiatry 2017","Parietal_Sup","Superior Parietal Lobule","20.0608","17.881","18.9709","1"
"VAChT","Acetylcholine","[18F]FEOBV","SUVR","white matter","18","66.8 (SD 6.8)","Aghourian M et al., Mol Psychiatry 2017","Parietal_Inf","Inferior Parietal Lobule","22.9233","20.7273","21.8253","1"
"VAChT","Acetylcholine","[18F]FEOBV","SUVR","white matter","18","66.8 (SD 6.8)","Aghourian M et al., Mol Psychiatry 2017","SupraMarginal","Supramarginal Gyrus","25.1512","23.8057","24.4785","1"
"VAChT","Acetylcholine","[18F]FEOBV","SUVR","white matter","18","66.8 (SD 6.8)","Aghourian M et al., Mol Psychiatry 2017","Angular","Angular Gyrus","23.5062","22.3736","22.9399","1"
"VAChT","Acetylcholine","[18F]FEOBV","SUVR","white matter","18","66.8 (SD 6.8)","Aghourian M et al., Mol Psychiatry 2017","Precuneus","Precuneus","22.6305","21.9552","22.2928","1"
"VAChT","Acetylcholine","[18F]FEOBV","SUVR","white matter","18","66.8 (SD 6.8)","Aghourian M et al., Mol Psychiatry 2017","Paracentral_Lobule","Paracentral Lobule","24.116","24.3353","24.2257","1"
"VAChT","Acetylcholine","[18F]FEOBV","SUVR","white matter","18","66.8 (SD 6.8)","Aghourian M et al., Mol Psychiatry 2017","Calcarine","Calcarine Cortex","21.1248","20.7829","20.9539","1"
"VAChT","Acetylcholine","[18F]FEOBV","SUVR","white matter","18","66.8 (SD 6.8)","Aghourian M et al., Mol Psychiatry 2017","Cuneus","Cuneus","20.9782","22.5615","21.7698","1"
"VAChT","Acetylcholine","[18F]FEOBV","SUVR","white matter","18","66.8 (SD 6.8)","Aghourian M et al., Mol Psychiatry 2017","Lingual","Lingual Gyrus","21.1195","20.3233","20.7214","1"
"VAChT","Acetylcholine","[18F]FEOBV","SUVR","white matter","18","66.8 (SD 6.8)","Aghourian M et al., Mol Psychiatry 2017","Occipital_Sup","Superior Occipital Gyrus","21.3267","21.6609","21.4938","1"
"VAChT","Acetylcholine","[18F]FEOBV","SUVR","white matter","18","66.8 (SD 6.8)","Aghourian M et al., Mol Psychiatry 2017","Occipital_Mid","Middle Occipital Gyrus","22.8799","22.6036","22.7417","1"
"VAChT","Acetylcholine","[18F]FEOBV","SUVR","white matter","18","66.8 (SD 6.8)","Aghourian M et al., Mol Psychiatry 2017","Occipital_Inf","Inferior Occipital Gyrus","21.7696","21.2949","21.5323","1"
"VAChT","Acetylcholine","[18F]FEOBV","SUVR","white matter","18","66.8 (SD 6.8)","Aghourian M et al., Mol Psychiatry 2017","Fusiform","Fusiform Gyrus","22.8693","22.1262","22.4978","1"
"VAChT","Acetylcholine","[18F]FEOBV","SUVR","white matter","18","66.8 (SD 6.8)","Aghourian M et al., Mol Psychiatry 2017","Caudate","Caudate Nucleus","73.6338","73.7383","73.686","1"
"VAChT","Acetylcholine","[18F]FEOBV","SUVR","white matter","18","66.8 (SD 6.8)","Aghourian M et al., Mol Psychiatry 2017","Putamen","Putamen","112.4721","97.7495","105.1108","1"
"VAChT","Acetylcholine","[18F]FEOBV","SUVR","white matter","18","66.8 (SD 6.8)","Aghourian M et al., Mol Psychiatry 2017","Pallidum","Globus Pallidus","59.0945","74.8423","66.9684","1"
"VAChT","Acetylcholine","[18F]FEOBV","SUVR","white matter","18","66.8 (SD 6.8)","Aghourian M et al., Mol Psychiatry 2017","Thalamus","Thalamus","45.6068","44.5701","45.0885","1"
"NMDA","Glutamate","[18F]GE-179","VT","none (arterial input)","29","≈ 41","Galovic M et al., NeuroImage 2021, with McGinnity CJ et al., J Nucl Med 2014","Precentral","Precentral Gyrus","5.4","5.4683","5.4341","1"
"NMDA","Glutamate","[18F]GE-179","VT","none (arterial input)","29","≈ 41","Galovic M et al., NeuroImage 2021, with McGinnity CJ et al., J Nucl Med 2014","Frontal_Sup","Superior Frontal Gyrus","4.8017","5.0174","4.9096","1"
"NMDA","Glutamate","[18F]GE-179","VT","none (arterial input)","29","≈ 41","Galovic M et al., NeuroImage 2021, with McGinnity CJ et al., J Nucl Med 2014","Frontal_Sup_Orb","Superior Frontal Gyrus, Orbital","6.1961","6.1081","6.1521","1"
"NMDA","Glutamate","[18F]GE-179","VT","none (arterial input)","29","≈ 41","Galovic M et al., NeuroImage 2021, with McGinnity CJ et al., J Nucl Med 2014","Frontal_Mid","Middle Frontal Gyrus","4.9894","5.3128","5.1511","1"
"NMDA","Glutamate","[18F]GE-179","VT","none (arterial input)","29","≈ 41","Galovic M et al., NeuroImage 2021, with McGinnity CJ et al., J Nucl Med 2014","Frontal_Mid_Orb","Middle Frontal Gyrus, Orbital","5.9993","5.9732","5.9863","1"
"NMDA","Glutamate","[18F]GE-179","VT","none (arterial input)","29","≈ 41","Galovic M et al., NeuroImage 2021, with McGinnity CJ et al., J Nucl Med 2014","Frontal_Inf_Oper","Inferior Frontal Gyrus, Opercular","5.8058","5.8478","5.8268","1"
"NMDA","Glutamate","[18F]GE-179","VT","none (arterial input)","29","≈ 41","Galovic M et al., NeuroImage 2021, with McGinnity CJ et al., J Nucl Med 2014","Frontal_Inf_Tri","Inferior Frontal Gyrus, Triangular","5.512","5.3798","5.4459","1"
"NMDA","Glutamate","[18F]GE-179","VT","none (arterial input)","29","≈ 41","Galovic M et al., NeuroImage 2021, with McGinnity CJ et al., J Nucl Med 2014","Frontal_Inf_Orb","Inferior Frontal Gyrus, Orbital","6.5398","6.1662","6.353","1"
"NMDA","Glutamate","[18F]GE-179","VT","none (arterial input)","29","≈ 41","Galovic M et al., NeuroImage 2021, with McGinnity CJ et al., J Nucl Med 2014","Rolandic_Oper","Rolandic Operculum","6.4935","6.4481","6.4708","1"
"NMDA","Glutamate","[18F]GE-179","VT","none (arterial input)","29","≈ 41","Galovic M et al., NeuroImage 2021, with McGinnity CJ et al., J Nucl Med 2014","Supp_Motor_Area","Supplementary Motor Area","5.509","5.7218","5.6154","1"
"NMDA","Glutamate","[18F]GE-179","VT","none (arterial input)","29","≈ 41","Galovic M et al., NeuroImage 2021, with McGinnity CJ et al., J Nucl Med 2014","Olfactory","Olfactory Cortex","6.4798","6.6153","6.5476","1"
"NMDA","Glutamate","[18F]GE-179","VT","none (arterial input)","29","≈ 41","Galovic M et al., NeuroImage 2021, with McGinnity CJ et al., J Nucl Med 2014","Frontal_Sup_Medial","Superior Frontal Gyrus, Medial","5.0822","5.5065","5.2943","1"
"NMDA","Glutamate","[18F]GE-179","VT","none (arterial input)","29","≈ 41","Galovic M et al., NeuroImage 2021, with McGinnity CJ et al., J Nucl Med 2014","Frontal_Med_Orb","Medial Orbitofrontal Cortex","5.9329","6.377","6.155","1"
"NMDA","Glutamate","[18F]GE-179","VT","none (arterial input)","29","≈ 41","Galovic M et al., NeuroImage 2021, with McGinnity CJ et al., J Nucl Med 2014","Rectus","Gyrus Rectus","6.4396","6.7942","6.6169","1"
"NMDA","Glutamate","[18F]GE-179","VT","none (arterial input)","29","≈ 41","Galovic M et al., NeuroImage 2021, with McGinnity CJ et al., J Nucl Med 2014","Insula","Insula","7.1347","7.1105","7.1226","1"
"NMDA","Glutamate","[18F]GE-179","VT","none (arterial input)","29","≈ 41","Galovic M et al., NeuroImage 2021, with McGinnity CJ et al., J Nucl Med 2014","Cingulum_Ant","Anterior Cingulate","6.5179","6.743","6.6305","1"
"NMDA","Glutamate","[18F]GE-179","VT","none (arterial input)","29","≈ 41","Galovic M et al., NeuroImage 2021, with McGinnity CJ et al., J Nucl Med 2014","Cingulum_Mid","Middle Cingulate","6.6585","6.7984","6.7284","1"
"NMDA","Glutamate","[18F]GE-179","VT","none (arterial input)","29","≈ 41","Galovic M et al., NeuroImage 2021, with McGinnity CJ et al., J Nucl Med 2014","Cingulum_Post","Posterior Cingulate","6.1694","5.499","5.8342","1"
"NMDA","Glutamate","[18F]GE-179","VT","none (arterial input)","29","≈ 41","Galovic M et al., NeuroImage 2021, with McGinnity CJ et al., J Nucl Med 2014","Hippocampus","Hippocampus","6.8883","6.7411","6.8147","1"
"NMDA","Glutamate","[18F]GE-179","VT","none (arterial input)","29","≈ 41","Galovic M et al., NeuroImage 2021, with McGinnity CJ et al., J Nucl Med 2014","ParaHippocampal","Parahippocampal Gyrus","5.7671","6.0856","5.9264","1"
"NMDA","Glutamate","[18F]GE-179","VT","none (arterial input)","29","≈ 41","Galovic M et al., NeuroImage 2021, with McGinnity CJ et al., J Nucl Med 2014","Amygdala","Amygdala","6.1965","6.2217","6.2091","1"
"NMDA","Glutamate","[18F]GE-179","VT","none (arterial input)","29","≈ 41","Galovic M et al., NeuroImage 2021, with McGinnity CJ et al., J Nucl Med 2014","Heschl","Heschl's Gyrus","6.872","6.9853","6.9287","1"
"NMDA","Glutamate","[18F]GE-179","VT","none (arterial input)","29","≈ 41","Galovic M et al., NeuroImage 2021, with McGinnity CJ et al., J Nucl Med 2014","Temporal_Sup","Superior Temporal Gyrus","6.4863","6.1336","6.3099","1"
"NMDA","Glutamate","[18F]GE-179","VT","none (arterial input)","29","≈ 41","Galovic M et al., NeuroImage 2021, with McGinnity CJ et al., J Nucl Med 2014","Temporal_Pole_Sup","Temporal Pole, Superior","4.808","4.8519","4.83","1"
"NMDA","Glutamate","[18F]GE-179","VT","none (arterial input)","29","≈ 41","Galovic M et al., NeuroImage 2021, with McGinnity CJ et al., J Nucl Med 2014","Temporal_Mid","Middle Temporal Gyrus","6.3261","6.4754","6.4007","1"
"NMDA","Glutamate","[18F]GE-179","VT","none (arterial input)","29","≈ 41","Galovic M et al., NeuroImage 2021, with McGinnity CJ et al., J Nucl Med 2014","Temporal_Pole_Mid","Temporal Pole, Middle","5.7252","5.2677","5.4965","1"
"NMDA","Glutamate","[18F]GE-179","VT","none (arterial input)","29","≈ 41","Galovic M et al., NeuroImage 2021, with McGinnity CJ et al., J Nucl Med 2014","Temporal_Inf","Inferior Temporal Gyrus","6.5248","6.4133","6.4691","1"
"NMDA","Glutamate","[18F]GE-179","VT","none (arterial input)","29","≈ 41","Galovic M et al., NeuroImage 2021, with McGinnity CJ et al., J Nucl Med 2014","Postcentral","Postcentral Gyrus","5.328","5.2912","5.3096","1"
"NMDA","Glutamate","[18F]GE-179","VT","none (arterial input)","29","≈ 41","Galovic M et al., NeuroImage 2021, with McGinnity CJ et al., J Nucl Med 2014","Parietal_Sup","Superior Parietal Lobule","5.1607","4.3819","4.7713","1"
"NMDA","Glutamate","[18F]GE-179","VT","none (arterial input)","29","≈ 41","Galovic M et al., NeuroImage 2021, with McGinnity CJ et al., J Nucl Med 2014","Parietal_Inf","Inferior Parietal Lobule","6.145","5.8039","5.9744","1"
"NMDA","Glutamate","[18F]GE-179","VT","none (arterial input)","29","≈ 41","Galovic M et al., NeuroImage 2021, with McGinnity CJ et al., J Nucl Med 2014","SupraMarginal","Supramarginal Gyrus","6.071","6.107","6.089","1"
"NMDA","Glutamate","[18F]GE-179","VT","none (arterial input)","29","≈ 41","Galovic M et al., NeuroImage 2021, with McGinnity CJ et al., J Nucl Med 2014","Angular","Angular Gyrus","6.4994","6.1405","6.3199","1"
"NMDA","Glutamate","[18F]GE-179","VT","none (arterial input)","29","≈ 41","Galovic M et al., NeuroImage 2021, with McGinnity CJ et al., J Nucl Med 2014","Precuneus","Precuneus","6.1718","6.0679","6.1198","1"
"NMDA","Glutamate","[18F]GE-179","VT","none (arterial input)","29","≈ 41","Galovic M et al., NeuroImage 2021, with McGinnity CJ et al., J Nucl Med 2014","Paracentral_Lobule","Paracentral Lobule","5.3851","5.5265","5.4558","1"
"NMDA","Glutamate","[18F]GE-179","VT","none (arterial input)","29","≈ 41","Galovic M et al., NeuroImage 2021, with McGinnity CJ et al., J Nucl Med 2014","Calcarine","Calcarine Cortex","6.8248","6.7204","6.7726","1"
"NMDA","Glutamate","[18F]GE-179","VT","none (arterial input)","29","≈ 41","Galovic M et al., NeuroImage 2021, with McGinnity CJ et al., J Nucl Med 2014","Cuneus","Cuneus","6.2481","6.6045","6.4263","1"
"NMDA","Glutamate","[18F]GE-179","VT","none (arterial input)","29","≈ 41","Galovic M et al., NeuroImage 2021, with McGinnity CJ et al., J Nucl Med 2014","Lingual","Lingual Gyrus","6.8266","6.5663","6.6964","1"
"NMDA","Glutamate","[18F]GE-179","VT","none (arterial input)","29","≈ 41","Galovic M et al., NeuroImage 2021, with McGinnity CJ et al., J Nucl Med 2014","Occipital_Sup","Superior Occipital Gyrus","5.8247","5.9605","5.8926","1"
"NMDA","Glutamate","[18F]GE-179","VT","none (arterial input)","29","≈ 41","Galovic M et al., NeuroImage 2021, with McGinnity CJ et al., J Nucl Med 2014","Occipital_Mid","Middle Occipital Gyrus","6.4954","6.2444","6.3699","1"
"NMDA","Glutamate","[18F]GE-179","VT","none (arterial input)","29","≈ 41","Galovic M et al., NeuroImage 2021, with McGinnity CJ et al., J Nucl Med 2014","Occipital_Inf","Inferior Occipital Gyrus","6.4674","6.5328","6.5001","1"
"NMDA","Glutamate","[18F]GE-179","VT","none (arterial input)","29","≈ 41","Galovic M et al., NeuroImage 2021, with McGinnity CJ et al., J Nucl Med 2014","Fusiform","Fusiform Gyrus","6.7071","6.7344","6.7207","1"
"NMDA","Glutamate","[18F]GE-179","VT","none (arterial input)","29","≈ 41","Galovic M et al., NeuroImage 2021, with McGinnity CJ et al., J Nucl Med 2014","Caudate","Caudate Nucleus","6.2854","6.3228","6.3041","1"
"NMDA","Glutamate","[18F]GE-179","VT","none (arterial input)","29","≈ 41","Galovic M et al., NeuroImage 2021, with McGinnity CJ et al., J Nucl Med 2014","Putamen","Putamen","7.8495","7.6118","7.7306","1"
"NMDA","Glutamate","[18F]GE-179","VT","none (arterial input)","29","≈ 41","Galovic M et al., NeuroImage 2021, with McGinnity CJ et al., J Nucl Med 2014","Pallidum","Globus Pallidus","7.6896","7.7456","7.7176","1"
"NMDA","Glutamate","[18F]GE-179","VT","none (arterial input)","29","≈ 41","Galovic M et al., NeuroImage 2021, with McGinnity CJ et al., J Nucl Med 2014","Thalamus","Thalamus","8.3859","8.6","8.4929","1"
"mGluR5","Glutamate","[11C]ABP688","BPND","cerebellar cortex","73","19.9 (SD 3.0)","Smart K et al., Eur J Nucl Med Mol Imaging 2019","Precentral","Precentral Gyrus","0.6588","0.6232","0.641","1"
"mGluR5","Glutamate","[11C]ABP688","BPND","cerebellar cortex","73","19.9 (SD 3.0)","Smart K et al., Eur J Nucl Med Mol Imaging 2019","Frontal_Sup","Superior Frontal Gyrus","0.6397","0.6504","0.6451","1"
"mGluR5","Glutamate","[11C]ABP688","BPND","cerebellar cortex","73","19.9 (SD 3.0)","Smart K et al., Eur J Nucl Med Mol Imaging 2019","Frontal_Sup_Orb","Superior Frontal Gyrus, Orbital","0.6891","0.7081","0.6986","1"
"mGluR5","Glutamate","[11C]ABP688","BPND","cerebellar cortex","73","19.9 (SD 3.0)","Smart K et al., Eur J Nucl Med Mol Imaging 2019","Frontal_Mid","Middle Frontal Gyrus","0.7403","0.7258","0.7331","1"
"mGluR5","Glutamate","[11C]ABP688","BPND","cerebellar cortex","73","19.9 (SD 3.0)","Smart K et al., Eur J Nucl Med Mol Imaging 2019","Frontal_Mid_Orb","Middle Frontal Gyrus, Orbital","0.7286","0.7073","0.718","1"
"mGluR5","Glutamate","[11C]ABP688","BPND","cerebellar cortex","73","19.9 (SD 3.0)","Smart K et al., Eur J Nucl Med Mol Imaging 2019","Frontal_Inf_Oper","Inferior Frontal Gyrus, Opercular","0.8506","0.8575","0.8541","1"
"mGluR5","Glutamate","[11C]ABP688","BPND","cerebellar cortex","73","19.9 (SD 3.0)","Smart K et al., Eur J Nucl Med Mol Imaging 2019","Frontal_Inf_Tri","Inferior Frontal Gyrus, Triangular","0.7738","0.7046","0.7392","1"
"mGluR5","Glutamate","[11C]ABP688","BPND","cerebellar cortex","73","19.9 (SD 3.0)","Smart K et al., Eur J Nucl Med Mol Imaging 2019","Frontal_Inf_Orb","Inferior Frontal Gyrus, Orbital","0.7733","0.7341","0.7537","1"
"mGluR5","Glutamate","[11C]ABP688","BPND","cerebellar cortex","73","19.9 (SD 3.0)","Smart K et al., Eur J Nucl Med Mol Imaging 2019","Rolandic_Oper","Rolandic Operculum","0.9842","0.9783","0.9812","1"
"mGluR5","Glutamate","[11C]ABP688","BPND","cerebellar cortex","73","19.9 (SD 3.0)","Smart K et al., Eur J Nucl Med Mol Imaging 2019","Supp_Motor_Area","Supplementary Motor Area","0.7294","0.6998","0.7146","1"
"mGluR5","Glutamate","[11C]ABP688","BPND","cerebellar cortex","73","19.9 (SD 3.0)","Smart K et al., Eur J Nucl Med Mol Imaging 2019","Olfactory","Olfactory Cortex","0.8657","0.8547","0.8602","1"
"mGluR5","Glutamate","[11C]ABP688","BPND","cerebellar cortex","73","19.9 (SD 3.0)","Smart K et al., Eur J Nucl Med Mol Imaging 2019","Frontal_Sup_Medial","Superior Frontal Gyrus, Medial","0.7569","0.7543","0.7556","1"
"mGluR5","Glutamate","[11C]ABP688","BPND","cerebellar cortex","73","19.9 (SD 3.0)","Smart K et al., Eur J Nucl Med Mol Imaging 2019","Frontal_Med_Orb","Medial Orbitofrontal Cortex","0.8998","0.926","0.9129","1"
"mGluR5","Glutamate","[11C]ABP688","BPND","cerebellar cortex","73","19.9 (SD 3.0)","Smart K et al., Eur J Nucl Med Mol Imaging 2019","Rectus","Gyrus Rectus","0.9256","0.9157","0.9207","1"
"mGluR5","Glutamate","[11C]ABP688","BPND","cerebellar cortex","73","19.9 (SD 3.0)","Smart K et al., Eur J Nucl Med Mol Imaging 2019","Insula","Insula","0.9528","1.0588","1.0058","1"
"mGluR5","Glutamate","[11C]ABP688","BPND","cerebellar cortex","73","19.9 (SD 3.0)","Smart K et al., Eur J Nucl Med Mol Imaging 2019","Cingulum_Ant","Anterior Cingulate","1.0413","0.9808","1.0111","1"
"mGluR5","Glutamate","[11C]ABP688","BPND","cerebellar cortex","73","19.9 (SD 3.0)","Smart K et al., Eur J Nucl Med Mol Imaging 2019","Cingulum_Mid","Middle Cingulate","1.0412","0.9918","1.0165","1"
"mGluR5","Glutamate","[11C]ABP688","BPND","cerebellar cortex","73","19.9 (SD 3.0)","Smart K et al., Eur J Nucl Med Mol Imaging 2019","Cingulum_Post","Posterior Cingulate","0.7313","0.4974","0.6143","1"
"mGluR5","Glutamate","[11C]ABP688","BPND","cerebellar cortex","73","19.9 (SD 3.0)","Smart K et al., Eur J Nucl Med Mol Imaging 2019","Hippocampus","Hippocampus","0.4959","0.4534","0.4746","1"
"mGluR5","Glutamate","[11C]ABP688","BPND","cerebellar cortex","73","19.9 (SD 3.0)","Smart K et al., Eur J Nucl Med Mol Imaging 2019","ParaHippocampal","Parahippocampal Gyrus","0.6065","0.6731","0.6398","1"
"mGluR5","Glutamate","[11C]ABP688","BPND","cerebellar cortex","73","19.9 (SD 3.0)","Smart K et al., Eur J Nucl Med Mol Imaging 2019","Amygdala","Amygdala","0.624","0.6018","0.6129","1"
"mGluR5","Glutamate","[11C]ABP688","BPND","cerebellar cortex","73","19.9 (SD 3.0)","Smart K et al., Eur J Nucl Med Mol Imaging 2019","Heschl","Heschl's Gyrus","1.0482","1.1278","1.088","1"
"mGluR5","Glutamate","[11C]ABP688","BPND","cerebellar cortex","73","19.9 (SD 3.0)","Smart K et al., Eur J Nucl Med Mol Imaging 2019","Temporal_Sup","Superior Temporal Gyrus","0.9716","0.9358","0.9537","1"
"mGluR5","Glutamate","[11C]ABP688","BPND","cerebellar cortex","73","19.9 (SD 3.0)","Smart K et al., Eur J Nucl Med Mol Imaging 2019","Temporal_Pole_Sup","Temporal Pole, Superior","0.7256","0.6698","0.6977","1"
"mGluR5","Glutamate","[11C]ABP688","BPND","cerebellar cortex","73","19.9 (SD 3.0)","Smart K et al., Eur J Nucl Med Mol Imaging 2019","Temporal_Mid","Middle Temporal Gyrus","0.8413","0.888","0.8647","1"
"mGluR5","Glutamate","[11C]ABP688","BPND","cerebellar cortex","73","19.9 (SD 3.0)","Smart K et al., Eur J Nucl Med Mol Imaging 2019","Temporal_Pole_Mid","Temporal Pole, Middle","0.6618","0.5987","0.6303","1"
"mGluR5","Glutamate","[11C]ABP688","BPND","cerebellar cortex","73","19.9 (SD 3.0)","Smart K et al., Eur J Nucl Med Mol Imaging 2019","Temporal_Inf","Inferior Temporal Gyrus","0.743","0.7725","0.7578","1"
"mGluR5","Glutamate","[11C]ABP688","BPND","cerebellar cortex","73","19.9 (SD 3.0)","Smart K et al., Eur J Nucl Med Mol Imaging 2019","Postcentral","Postcentral Gyrus","0.6675","0.6296","0.6485","1"
"mGluR5","Glutamate","[11C]ABP688","BPND","cerebellar cortex","73","19.9 (SD 3.0)","Smart K et al., Eur J Nucl Med Mol Imaging 2019","Parietal_Sup","Superior Parietal Lobule","0.6838","0.625","0.6544","1"
"mGluR5","Glutamate","[11C]ABP688","BPND","cerebellar cortex","73","19.9 (SD 3.0)","Smart K et al., Eur J Nucl Med Mol Imaging 2019","Parietal_Inf","Inferior Parietal Lobule","0.8516","0.8398","0.8457","1"
"mGluR5","Glutamate","[11C]ABP688","BPND","cerebellar cortex","73","19.9 (SD 3.0)","Smart K et al., Eur J Nucl Med Mol Imaging 2019","SupraMarginal","Supramarginal Gyrus","0.91","0.8738","0.8919","1"
"mGluR5","Glutamate","[11C]ABP688","BPND","cerebellar cortex","73","19.9 (SD 3.0)","Smart K et al., Eur J Nucl Med Mol Imaging 2019","Angular","Angular Gyrus","0.8647","0.8331","0.8489","1"
"mGluR5","Glutamate","[11C]ABP688","BPND","cerebellar cortex","73","19.9 (SD 3.0)","Smart K et al., Eur J Nucl Med Mol Imaging 2019","Precuneus","Precuneus","0.8264","0.8245","0.8255","1"
"mGluR5","Glutamate","[11C]ABP688","BPND","cerebellar cortex","73","19.9 (SD 3.0)","Smart K et al., Eur J Nucl Med Mol Imaging 2019","Paracentral_Lobule","Paracentral Lobule","0.5427","0.5864","0.5645","1"
"mGluR5","Glutamate","[11C]ABP688","BPND","cerebellar cortex","73","19.9 (SD 3.0)","Smart K et al., Eur J Nucl Med Mol Imaging 2019","Calcarine","Calcarine Cortex","0.7517","0.721","0.7363","1"
"mGluR5","Glutamate","[11C]ABP688","BPND","cerebellar cortex","73","19.9 (SD 3.0)","Smart K et al., Eur J Nucl Med Mol Imaging 2019","Cuneus","Cuneus","0.8196","0.8062","0.8129","1"
"mGluR5","Glutamate","[11C]ABP688","BPND","cerebellar cortex","73","19.9 (SD 3.0)","Smart K et al., Eur J Nucl Med Mol Imaging 2019","Lingual","Lingual Gyrus","0.6738","0.654","0.6639","1"
"mGluR5","Glutamate","[11C]ABP688","BPND","cerebellar cortex","73","19.9 (SD 3.0)","Smart K et al., Eur J Nucl Med Mol Imaging 2019","Occipital_Sup","Superior Occipital Gyrus","0.674","0.6939","0.684","1"
"mGluR5","Glutamate","[11C]ABP688","BPND","cerebellar cortex","73","19.9 (SD 3.0)","Smart K et al., Eur J Nucl Med Mol Imaging 2019","Occipital_Mid","Middle Occipital Gyrus","0.7176","0.7579","0.7377","1"
"mGluR5","Glutamate","[11C]ABP688","BPND","cerebellar cortex","73","19.9 (SD 3.0)","Smart K et al., Eur J Nucl Med Mol Imaging 2019","Occipital_Inf","Inferior Occipital Gyrus","0.6907","0.6515","0.6711","1"
"mGluR5","Glutamate","[11C]ABP688","BPND","cerebellar cortex","73","19.9 (SD 3.0)","Smart K et al., Eur J Nucl Med Mol Imaging 2019","Fusiform","Fusiform Gyrus","0.7507","0.759","0.7548","1"
"mGluR5","Glutamate","[11C]ABP688","BPND","cerebellar cortex","73","19.9 (SD 3.0)","Smart K et al., Eur J Nucl Med Mol Imaging 2019","Caudate","Caudate Nucleus","0.6264","0.6251","0.6257","1"
"mGluR5","Glutamate","[11C]ABP688","BPND","cerebellar cortex","73","19.9 (SD 3.0)","Smart K et al., Eur J Nucl Med Mol Imaging 2019","Putamen","Putamen","0.87","0.879","0.8745","1"
"mGluR5","Glutamate","[11C]ABP688","BPND","cerebellar cortex","73","19.9 (SD 3.0)","Smart K et al., Eur J Nucl Med Mol Imaging 2019","Pallidum","Globus Pallidus","0.5208","0.581","0.5509","1"
"mGluR5","Glutamate","[11C]ABP688","BPND","cerebellar cortex","73","19.9 (SD 3.0)","Smart K et al., Eur J Nucl Med Mol Imaging 2019","Thalamus","Thalamus","0.4657","0.4545","0.4601","1"
"GABA-A / benzodiazepine site","GABA","[11C]flumazenil","Bmax","none (arterial input)","16","26.6 (SD 8)","Nørgaard M et al., NeuroImage 2021","Precentral","Precentral Gyrus","653.6866","623.6485","638.6675","0.65"
"GABA-A / benzodiazepine site","GABA","[11C]flumazenil","Bmax","none (arterial input)","16","26.6 (SD 8)","Nørgaard M et al., NeuroImage 2021","Frontal_Sup","Superior Frontal Gyrus","651.2067","622.1123","636.6595","0.65"
"GABA-A / benzodiazepine site","GABA","[11C]flumazenil","Bmax","none (arterial input)","16","26.6 (SD 8)","Nørgaard M et al., NeuroImage 2021","Frontal_Sup_Orb","Superior Frontal Gyrus, Orbital","728.2423","703.4647","715.8535","0.8"
"GABA-A / benzodiazepine site","GABA","[11C]flumazenil","Bmax","none (arterial input)","16","26.6 (SD 8)","Nørgaard M et al., NeuroImage 2021","Frontal_Mid","Middle Frontal Gyrus","713.0035","684.8734","698.9384","0.61"
"GABA-A / benzodiazepine site","GABA","[11C]flumazenil","Bmax","none (arterial input)","16","26.6 (SD 8)","Nørgaard M et al., NeuroImage 2021","Frontal_Mid_Orb","Middle Frontal Gyrus, Orbital","760.8267","754.2163","757.5215","0.7"
"GABA-A / benzodiazepine site","GABA","[11C]flumazenil","Bmax","none (arterial input)","16","26.6 (SD 8)","Nørgaard M et al., NeuroImage 2021","Frontal_Inf_Oper","Inferior Frontal Gyrus, Opercular","768.5879","733.9853","751.2866","0.59"
"GABA-A / benzodiazepine site","GABA","[11C]flumazenil","Bmax","none (arterial input)","16","26.6 (SD 8)","Nørgaard M et al., NeuroImage 2021","Frontal_Inf_Tri","Inferior Frontal Gyrus, Triangular","748.8554","701.1387","724.9971","0.6"
"GABA-A / benzodiazepine site","GABA","[11C]flumazenil","Bmax","none (arterial input)","16","26.6 (SD 8)","Nørgaard M et al., NeuroImage 2021","Frontal_Inf_Orb","Inferior Frontal Gyrus, Orbital","705.5214","695.9991","700.7603","0.68"
"GABA-A / benzodiazepine site","GABA","[11C]flumazenil","Bmax","none (arterial input)","16","26.6 (SD 8)","Nørgaard M et al., NeuroImage 2021","Rolandic_Oper","Rolandic Operculum","789.1958","794.1966","791.6962","0.72"
"GABA-A / benzodiazepine site","GABA","[11C]flumazenil","Bmax","none (arterial input)","16","26.6 (SD 8)","Nørgaard M et al., NeuroImage 2021","Supp_Motor_Area","Supplementary Motor Area","692.2113","652.0144","672.1129","0.66"
"GABA-A / benzodiazepine site","GABA","[11C]flumazenil","Bmax","none (arterial input)","16","26.6 (SD 8)","Nørgaard M et al., NeuroImage 2021","Olfactory","Olfactory Cortex","712.292","649.0453","680.6687","0.76"
"GABA-A / benzodiazepine site","GABA","[11C]flumazenil","Bmax","none (arterial input)","16","26.6 (SD 8)","Nørgaard M et al., NeuroImage 2021","Frontal_Sup_Medial","Superior Frontal Gyrus, Medial","662.0593","662.5569","662.3081","0.65"
"GABA-A / benzodiazepine site","GABA","[11C]flumazenil","Bmax","none (arterial input)","16","26.6 (SD 8)","Nørgaard M et al., NeuroImage 2021","Frontal_Med_Orb","Medial Orbitofrontal Cortex","798.961","757.086","778.0235","0.57"
"GABA-A / benzodiazepine site","GABA","[11C]flumazenil","Bmax","none (arterial input)","16","26.6 (SD 8)","Nørgaard M et al., NeuroImage 2021","Rectus","Gyrus Rectus","818.2947","782.3626","800.3286","0.76"
"GABA-A / benzodiazepine site","GABA","[11C]flumazenil","Bmax","none (arterial input)","16","26.6 (SD 8)","Nørgaard M et al., NeuroImage 2021","Insula","Insula","760.7771","759.829","760.303","0.61"
"GABA-A / benzodiazepine site","GABA","[11C]flumazenil","Bmax","none (arterial input)","16","26.6 (SD 8)","Nørgaard M et al., NeuroImage 2021","Cingulum_Ant","Anterior Cingulate","","828.5701","828.5701","0.5"
"GABA-A / benzodiazepine site","GABA","[11C]flumazenil","Bmax","none (arterial input)","16","26.6 (SD 8)","Nørgaard M et al., NeuroImage 2021","Cingulum_Mid","Middle Cingulate","784.4952","798.2735","791.3844","0.52"
"GABA-A / benzodiazepine site","GABA","[11C]flumazenil","Bmax","none (arterial input)","16","26.6 (SD 8)","Nørgaard M et al., NeuroImage 2021","Cingulum_Post","Posterior Cingulate","678.8358","584.7644","631.8001","0.75"
"GABA-A / benzodiazepine site","GABA","[11C]flumazenil","Bmax","none (arterial input)","16","26.6 (SD 8)","Nørgaard M et al., NeuroImage 2021","Hippocampus","Hippocampus","440.7735","389.5981","415.1858","0.96"
"GABA-A / benzodiazepine site","GABA","[11C]flumazenil","Bmax","none (arterial input)","16","26.6 (SD 8)","Nørgaard M et al., NeuroImage 2021","ParaHippocampal","Parahippocampal Gyrus","493.6432","497.3099","495.4766","0.82"
"GABA-A / benzodiazepine site","GABA","[11C]flumazenil","Bmax","none (arterial input)","16","26.6 (SD 8)","Nørgaard M et al., NeuroImage 2021","Amygdala","Amygdala","511.9361","510.0332","510.9846","0.74"
"GABA-A / benzodiazepine site","GABA","[11C]flumazenil","Bmax","none (arterial input)","16","26.6 (SD 8)","Nørgaard M et al., NeuroImage 2021","Heschl","Heschl's Gyrus","","","","0.43"
"GABA-A / benzodiazepine site","GABA","[11C]flumazenil","Bmax","none (arterial input)","16","26.6 (SD 8)","Nørgaard M et al., NeuroImage 2021","Temporal_Sup","Superior Temporal Gyrus","809.2984","775.1516","792.225","0.64"
"GABA-A / benzodiazepine site","GABA","[11C]flumazenil","Bmax","none (arterial input)","16","26.6 (SD 8)","Nørgaard M et al., NeuroImage 2021","Temporal_Pole_Sup","Temporal Pole, Superior","","","","0.42"
"GABA-A / benzodiazepine site","GABA","[11C]flumazenil","Bmax","none (arterial input)","16","26.6 (SD 8)","Nørgaard M et al., NeuroImage 2021","Temporal_Mid","Middle Temporal Gyrus","741.0757","728.5632","734.8194","0.69"
"GABA-A / benzodiazepine site","GABA","[11C]flumazenil","Bmax","none (arterial input)","16","26.6 (SD 8)","Nørgaard M et al., NeuroImage 2021","Temporal_Pole_Mid","Temporal Pole, Middle","514.2222","540.1475","527.1849","0.64"
"GABA-A / benzodiazepine site","GABA","[11C]flumazenil","Bmax","none (arterial input)","16","26.6 (SD 8)","Nørgaard M et al., NeuroImage 2021","Temporal_Inf","Inferior Temporal Gyrus","683.9976","677.5516","680.7746","0.76"
"GABA-A / benzodiazepine site","GABA","[11C]flumazenil","Bmax","none (arterial input)","16","26.6 (SD 8)","Nørgaard M et al., NeuroImage 2021","Postcentral","Postcentral Gyrus","648.0814","626.1262","637.1038","0.65"
"GABA-A / benzodiazepine site","GABA","[11C]flumazenil","Bmax","none (arterial input)","16","26.6 (SD 8)","Nørgaard M et al., NeuroImage 2021","Parietal_Sup","Superior Parietal Lobule","634.8609","633.593","634.227","0.6"
"GABA-A / benzodiazepine site","GABA","[11C]flumazenil","Bmax","none (arterial input)","16","26.6 (SD 8)","Nørgaard M et al., NeuroImage 2021","Parietal_Inf","Inferior Parietal Lobule","730.1587","718.6478","724.4032","0.67"
"GABA-A / benzodiazepine site","GABA","[11C]flumazenil","Bmax","none (arterial input)","16","26.6 (SD 8)","Nørgaard M et al., NeuroImage 2021","SupraMarginal","Supramarginal Gyrus","715.6174","699.7061","707.6617","0.79"
"GABA-A / benzodiazepine site","GABA","[11C]flumazenil","Bmax","none (arterial input)","16","26.6 (SD 8)","Nørgaard M et al., NeuroImage 2021","Angular","Angular Gyrus","691.9557","669.8484","680.902","0.8"
"GABA-A / benzodiazepine site","GABA","[11C]flumazenil","Bmax","none (arterial input)","16","26.6 (SD 8)","Nørgaard M et al., NeuroImage 2021","Precuneus","Precuneus","681.8026","683.6269","682.7147","0.7"
"GABA-A / benzodiazepine site","GABA","[11C]flumazenil","Bmax","none (arterial input)","16","26.6 (SD 8)","Nørgaard M et al., NeuroImage 2021","Paracentral_Lobule","Paracentral Lobule","616.1579","586.7741","601.466","0.62"
"GABA-A / benzodiazepine site","GABA","[11C]flumazenil","Bmax","none (arterial input)","16","26.6 (SD 8)","Nørgaard M et al., NeuroImage 2021","Calcarine","Calcarine Cortex","899.8863","843.4143","871.6503","0.86"
"GABA-A / benzodiazepine site","GABA","[11C]flumazenil","Bmax","none (arterial input)","16","26.6 (SD 8)","Nørgaard M et al., NeuroImage 2021","Cuneus","Cuneus","764.3617","730.4602","747.4109","0.75"
"GABA-A / benzodiazepine site","GABA","[11C]flumazenil","Bmax","none (arterial input)","16","26.6 (SD 8)","Nørgaard M et al., NeuroImage 2021","Lingual","Lingual Gyrus","838.8085","827.0879","832.9482","0.85"
"GABA-A / benzodiazepine site","GABA","[11C]flumazenil","Bmax","none (arterial input)","16","26.6 (SD 8)","Nørgaard M et al., NeuroImage 2021","Occipital_Sup","Superior Occipital Gyrus","659.9434","616.5881","638.2658","0.83"
"GABA-A / benzodiazepine site","GABA","[11C]flumazenil","Bmax","none (arterial input)","16","26.6 (SD 8)","Nørgaard M et al., NeuroImage 2021","Occipital_Mid","Middle Occipital Gyrus","682.3307","711.0553","696.693","0.84"
"GABA-A / benzodiazepine site","GABA","[11C]flumazenil","Bmax","none (arterial input)","16","26.6 (SD 8)","Nørgaard M et al., NeuroImage 2021","Occipital_Inf","Inferior Occipital Gyrus","725.1293","716.073","720.6011","0.95"
"GABA-A / benzodiazepine site","GABA","[11C]flumazenil","Bmax","none (arterial input)","16","26.6 (SD 8)","Nørgaard M et al., NeuroImage 2021","Fusiform","Fusiform Gyrus","718.156","696.2812","707.2186","0.82"
"GABA-A / benzodiazepine site","GABA","[11C]flumazenil","Bmax","none (arterial input)","16","26.6 (SD 8)","Nørgaard M et al., NeuroImage 2021","Caudate","Caudate Nucleus","382.3554","390.9374","386.6464","0.99"
"GABA-A / benzodiazepine site","GABA","[11C]flumazenil","Bmax","none (arterial input)","16","26.6 (SD 8)","Nørgaard M et al., NeuroImage 2021","Putamen","Putamen","559.1833","527.7568","543.4701","1"
"GABA-A / benzodiazepine site","GABA","[11C]flumazenil","Bmax","none (arterial input)","16","26.6 (SD 8)","Nørgaard M et al., NeuroImage 2021","Pallidum","Globus Pallidus","447.445","408.4016","427.9233","1"
"GABA-A / benzodiazepine site","GABA","[11C]flumazenil","Bmax","none (arterial input)","16","26.6 (SD 8)","Nørgaard M et al., NeuroImage 2021","Thalamus","Thalamus","385.0737","361.8392","373.4565","1"
"H3","Histamine","[11C]GSK189254","VT","none (arterial input)","8","31.7 (SD 9.0)","Gallezot JD et al., J Cereb Blood Flow Metab 2017","Precentral","Precentral Gyrus","16.4068","16.4825","16.4447","1"
"H3","Histamine","[11C]GSK189254","VT","none (arterial input)","8","31.7 (SD 9.0)","Gallezot JD et al., J Cereb Blood Flow Metab 2017","Frontal_Sup","Superior Frontal Gyrus","15.8761","16.535","16.2056","1"
"H3","Histamine","[11C]GSK189254","VT","none (arterial input)","8","31.7 (SD 9.0)","Gallezot JD et al., J Cereb Blood Flow Metab 2017","Frontal_Sup_Orb","Superior Frontal Gyrus, Orbital","17.2059","17.1877","17.1968","1"
"H3","Histamine","[11C]GSK189254","VT","none (arterial input)","8","31.7 (SD 9.0)","Gallezot JD et al., J Cereb Blood Flow Metab 2017","Frontal_Mid","Middle Frontal Gyrus","17.0216","16.4717","16.7467","1"
"H3","Histamine","[11C]GSK189254","VT","none (arterial input)","8","31.7 (SD 9.0)","Gallezot JD et al., J Cereb Blood Flow Metab 2017","Frontal_Mid_Orb","Middle Frontal Gyrus, Orbital","16.4646","17.7527","17.1086","1"
"H3","Histamine","[11C]GSK189254","VT","none (arterial input)","8","31.7 (SD 9.0)","Gallezot JD et al., J Cereb Blood Flow Metab 2017","Frontal_Inf_Oper","Inferior Frontal Gyrus, Opercular","17.7281","18.6148","18.1714","1"
"H3","Histamine","[11C]GSK189254","VT","none (arterial input)","8","31.7 (SD 9.0)","Gallezot JD et al., J Cereb Blood Flow Metab 2017","Frontal_Inf_Tri","Inferior Frontal Gyrus, Triangular","16.6373","16.8117","16.7245","1"
"H3","Histamine","[11C]GSK189254","VT","none (arterial input)","8","31.7 (SD 9.0)","Gallezot JD et al., J Cereb Blood Flow Metab 2017","Frontal_Inf_Orb","Inferior Frontal Gyrus, Orbital","18.037","18.1276","18.0823","1"
"H3","Histamine","[11C]GSK189254","VT","none (arterial input)","8","31.7 (SD 9.0)","Gallezot JD et al., J Cereb Blood Flow Metab 2017","Rolandic_Oper","Rolandic Operculum","16.7249","17.5728","17.1489","1"
"H3","Histamine","[11C]GSK189254","VT","none (arterial input)","8","31.7 (SD 9.0)","Gallezot JD et al., J Cereb Blood Flow Metab 2017","Supp_Motor_Area","Supplementary Motor Area","20.1727","19.2597","19.7162","1"
"H3","Histamine","[11C]GSK189254","VT","none (arterial input)","8","31.7 (SD 9.0)","Gallezot JD et al., J Cereb Blood Flow Metab 2017","Olfactory","Olfactory Cortex","33.2432","33.8567","33.55","1"
"H3","Histamine","[11C]GSK189254","VT","none (arterial input)","8","31.7 (SD 9.0)","Gallezot JD et al., J Cereb Blood Flow Metab 2017","Frontal_Sup_Medial","Superior Frontal Gyrus, Medial","19.5286","18.2677","18.8982","1"
"H3","Histamine","[11C]GSK189254","VT","none (arterial input)","8","31.7 (SD 9.0)","Gallezot JD et al., J Cereb Blood Flow Metab 2017","Frontal_Med_Orb","Medial Orbitofrontal Cortex","21.1369","21.2075","21.1722","1"
"H3","Histamine","[11C]GSK189254","VT","none (arterial input)","8","31.7 (SD 9.0)","Gallezot JD et al., J Cereb Blood Flow Metab 2017","Rectus","Gyrus Rectus","22.1161","21.9113","22.0137","1"
"H3","Histamine","[11C]GSK189254","VT","none (arterial input)","8","31.7 (SD 9.0)","Gallezot JD et al., J Cereb Blood Flow Metab 2017","Insula","Insula","20.579","22.749","21.664","1"
"H3","Histamine","[11C]GSK189254","VT","none (arterial input)","8","31.7 (SD 9.0)","Gallezot JD et al., J Cereb Blood Flow Metab 2017","Cingulum_Ant","Anterior Cingulate","26.5179","25.1218","25.8198","1"
"H3","Histamine","[11C]GSK189254","VT","none (arterial input)","8","31.7 (SD 9.0)","Gallezot JD et al., J Cereb Blood Flow Metab 2017","Cingulum_Mid","Middle Cingulate","22.2421","21.1871","21.7146","1"
"H3","Histamine","[11C]GSK189254","VT","none (arterial input)","8","31.7 (SD 9.0)","Gallezot JD et al., J Cereb Blood Flow Metab 2017","Cingulum_Post","Posterior Cingulate","14.8015","11.3067","13.0541","1"
"H3","Histamine","[11C]GSK189254","VT","none (arterial input)","8","31.7 (SD 9.0)","Gallezot JD et al., J Cereb Blood Flow Metab 2017","Hippocampus","Hippocampus","15.2746","15.3015","15.288","1"
"H3","Histamine","[11C]GSK189254","VT","none (arterial input)","8","31.7 (SD 9.0)","Gallezot JD et al., J Cereb Blood Flow Metab 2017","ParaHippocampal","Parahippocampal Gyrus","14.4344","17.7773","16.1058","1"
"H3","Histamine","[11C]GSK189254","VT","none (arterial input)","8","31.7 (SD 9.0)","Gallezot JD et al., J Cereb Blood Flow Metab 2017","Amygdala","Amygdala","24.3086","27.736","26.0223","1"
"H3","Histamine","[11C]GSK189254","VT","none (arterial input)","8","31.7 (SD 9.0)","Gallezot JD et al., J Cereb Blood Flow Metab 2017","Heschl","Heschl's Gyrus","19.5947","21.0367","20.3157","1"
"H3","Histamine","[11C]GSK189254","VT","none (arterial input)","8","31.7 (SD 9.0)","Gallezot JD et al., J Cereb Blood Flow Metab 2017","Temporal_Sup","Superior Temporal Gyrus","18.8443","17.8264","18.3353","1"
"H3","Histamine","[11C]GSK189254","VT","none (arterial input)","8","31.7 (SD 9.0)","Gallezot JD et al., J Cereb Blood Flow Metab 2017","Temporal_Pole_Sup","Temporal Pole, Superior","16.8622","15.7283","16.2953","1"
"H3","Histamine","[11C]GSK189254","VT","none (arterial input)","8","31.7 (SD 9.0)","Gallezot JD et al., J Cereb Blood Flow Metab 2017","Temporal_Mid","Middle Temporal Gyrus","15.8002","15.6545","15.7273","1"
"H3","Histamine","[11C]GSK189254","VT","none (arterial input)","8","31.7 (SD 9.0)","Gallezot JD et al., J Cereb Blood Flow Metab 2017","Temporal_Pole_Mid","Temporal Pole, Middle","13.8117","13.3932","13.6025","1"
"H3","Histamine","[11C]GSK189254","VT","none (arterial input)","8","31.7 (SD 9.0)","Gallezot JD et al., J Cereb Blood Flow Metab 2017","Temporal_Inf","Inferior Temporal Gyrus","14.1127","15.129","14.6209","1"
"H3","Histamine","[11C]GSK189254","VT","none (arterial input)","8","31.7 (SD 9.0)","Gallezot JD et al., J Cereb Blood Flow Metab 2017","Postcentral","Postcentral Gyrus","14.8339","15.1891","15.0115","1"
"H3","Histamine","[11C]GSK189254","VT","none (arterial input)","8","31.7 (SD 9.0)","Gallezot JD et al., J Cereb Blood Flow Metab 2017","Parietal_Sup","Superior Parietal Lobule","13.8222","13.8613","13.8418","1"
"H3","Histamine","[11C]GSK189254","VT","none (arterial input)","8","31.7 (SD 9.0)","Gallezot JD et al., J Cereb Blood Flow Metab 2017","Parietal_Inf","Inferior Parietal Lobule","15.5292","15.7361","15.6326","1"
"H3","Histamine","[11C]GSK189254","VT","none (arterial input)","8","31.7 (SD 9.0)","Gallezot JD et al., J Cereb Blood Flow Metab 2017","SupraMarginal","Supramarginal Gyrus","16.391","15.6673","16.0292","1"
"H3","Histamine","[11C]GSK189254","VT","none (arterial input)","8","31.7 (SD 9.0)","Gallezot JD et al., J Cereb Blood Flow Metab 2017","Angular","Angular Gyrus","15.446","15.6021","15.5241","1"
"H3","Histamine","[11C]GSK189254","VT","none (arterial input)","8","31.7 (SD 9.0)","Gallezot JD et al., J Cereb Blood Flow Metab 2017","Precuneus","Precuneus","16.4909","16.2017","16.3463","1"
"H3","Histamine","[11C]GSK189254","VT","none (arterial input)","8","31.7 (SD 9.0)","Gallezot JD et al., J Cereb Blood Flow Metab 2017","Paracentral_Lobule","Paracentral Lobule","15.5719","16.7082","16.1401","1"
"H3","Histamine","[11C]GSK189254","VT","none (arterial input)","8","31.7 (SD 9.0)","Gallezot JD et al., J Cereb Blood Flow Metab 2017","Calcarine","Calcarine Cortex","16.1393","15.1989","15.6691","1"
"H3","Histamine","[11C]GSK189254","VT","none (arterial input)","8","31.7 (SD 9.0)","Gallezot JD et al., J Cereb Blood Flow Metab 2017","Cuneus","Cuneus","14.9827","15.109","15.0458","1"
"H3","Histamine","[11C]GSK189254","VT","none (arterial input)","8","31.7 (SD 9.0)","Gallezot JD et al., J Cereb Blood Flow Metab 2017","Lingual","Lingual Gyrus","13.933","14.4567","14.1949","1"
"H3","Histamine","[11C]GSK189254","VT","none (arterial input)","8","31.7 (SD 9.0)","Gallezot JD et al., J Cereb Blood Flow Metab 2017","Occipital_Sup","Superior Occipital Gyrus","14.2784","14.1537","14.2161","1"
"H3","Histamine","[11C]GSK189254","VT","none (arterial input)","8","31.7 (SD 9.0)","Gallezot JD et al., J Cereb Blood Flow Metab 2017","Occipital_Mid","Middle Occipital Gyrus","14.7791","14.9958","14.8875","1"
"H3","Histamine","[11C]GSK189254","VT","none (arterial input)","8","31.7 (SD 9.0)","Gallezot JD et al., J Cereb Blood Flow Metab 2017","Occipital_Inf","Inferior Occipital Gyrus","14.1927","14.5036","14.3481","1"
"H3","Histamine","[11C]GSK189254","VT","none (arterial input)","8","31.7 (SD 9.0)","Gallezot JD et al., J Cereb Blood Flow Metab 2017","Fusiform","Fusiform Gyrus","15.2928","15.3639","15.3284","1"
"H3","Histamine","[11C]GSK189254","VT","none (arterial input)","8","31.7 (SD 9.0)","Gallezot JD et al., J Cereb Blood Flow Metab 2017","Caudate","Caudate Nucleus","25.0297","26.6906","25.8601","1"
"H3","Histamine","[11C]GSK189254","VT","none (arterial input)","8","31.7 (SD 9.0)","Gallezot JD et al., J Cereb Blood Flow Metab 2017","Putamen","Putamen","43.6223","40.2341","41.9282","1"
"H3","Histamine","[11C]GSK189254","VT","none (arterial input)","8","31.7 (SD 9.0)","Gallezot JD et al., J Cereb Blood Flow Metab 2017","Pallidum","Globus Pallidus","42.5969","44.365","43.4809","1"
"H3","Histamine","[11C]GSK189254","VT","none (arterial input)","8","31.7 (SD 9.0)","Gallezot JD et al., J Cereb Blood Flow Metab 2017","Thalamus","Thalamus","15.9461","16.968","16.457","1"
"CB1","Cannabinoid","[11C]OMAR","VT","none (arterial input)","77","30.0 (SD 8.9)","Normandin MD et al., J Cereb Blood Flow Metab 2015","Precentral","Precentral Gyrus","1.2406","1.1997","1.2202","1"
"CB1","Cannabinoid","[11C]OMAR","VT","none (arterial input)","77","30.0 (SD 8.9)","Normandin MD et al., J Cereb Blood Flow Metab 2015","Frontal_Sup","Superior Frontal Gyrus","1.2686","1.2397","1.2542","1"
"CB1","Cannabinoid","[11C]OMAR","VT","none (arterial input)","77","30.0 (SD 8.9)","Normandin MD et al., J Cereb Blood Flow Metab 2015","Frontal_Sup_Orb","Superior Frontal Gyrus, Orbital","1.369","1.3533","1.3611","1"
"CB1","Cannabinoid","[11C]OMAR","VT","none (arterial input)","77","30.0 (SD 8.9)","Normandin MD et al., J Cereb Blood Flow Metab 2015","Frontal_Mid","Middle Frontal Gyrus","1.334","1.2928","1.3134","1"
"CB1","Cannabinoid","[11C]OMAR","VT","none (arterial input)","77","30.0 (SD 8.9)","Normandin MD et al., J Cereb Blood Flow Metab 2015","Frontal_Mid_Orb","Middle Frontal Gyrus, Orbital","1.3964","1.3852","1.3908","1"
"CB1","Cannabinoid","[11C]OMAR","VT","none (arterial input)","77","30.0 (SD 8.9)","Normandin MD et al., J Cereb Blood Flow Metab 2015","Frontal_Inf_Oper","Inferior Frontal Gyrus, Opercular","1.3227","1.2931","1.3079","1"
"CB1","Cannabinoid","[11C]OMAR","VT","none (arterial input)","77","30.0 (SD 8.9)","Normandin MD et al., J Cereb Blood Flow Metab 2015","Frontal_Inf_Tri","Inferior Frontal Gyrus, Triangular","1.3468","1.2722","1.3095","1"
"CB1","Cannabinoid","[11C]OMAR","VT","none (arterial input)","77","30.0 (SD 8.9)","Normandin MD et al., J Cereb Blood Flow Metab 2015","Frontal_Inf_Orb","Inferior Frontal Gyrus, Orbital","1.3596","1.3216","1.3406","1"
"CB1","Cannabinoid","[11C]OMAR","VT","none (arterial input)","77","30.0 (SD 8.9)","Normandin MD et al., J Cereb Blood Flow Metab 2015","Rolandic_Oper","Rolandic Operculum","1.2919","1.3062","1.299","1"
"CB1","Cannabinoid","[11C]OMAR","VT","none (arterial input)","77","30.0 (SD 8.9)","Normandin MD et al., J Cereb Blood Flow Metab 2015","Supp_Motor_Area","Supplementary Motor Area","1.2331","1.2285","1.2308","1"
"CB1","Cannabinoid","[11C]OMAR","VT","none (arterial input)","77","30.0 (SD 8.9)","Normandin MD et al., J Cereb Blood Flow Metab 2015","Olfactory","Olfactory Cortex","1.4009","1.389","1.3949","1"
"CB1","Cannabinoid","[11C]OMAR","VT","none (arterial input)","77","30.0 (SD 8.9)","Normandin MD et al., J Cereb Blood Flow Metab 2015","Frontal_Sup_Medial","Superior Frontal Gyrus, Medial","1.3147","1.3088","1.3118","1"
"CB1","Cannabinoid","[11C]OMAR","VT","none (arterial input)","77","30.0 (SD 8.9)","Normandin MD et al., J Cereb Blood Flow Metab 2015","Frontal_Med_Orb","Medial Orbitofrontal Cortex","1.4146","1.4434","1.429","1"
"CB1","Cannabinoid","[11C]OMAR","VT","none (arterial input)","77","30.0 (SD 8.9)","Normandin MD et al., J Cereb Blood Flow Metab 2015","Rectus","Gyrus Rectus","1.4416","1.4506","1.4461","1"
"CB1","Cannabinoid","[11C]OMAR","VT","none (arterial input)","77","30.0 (SD 8.9)","Normandin MD et al., J Cereb Blood Flow Metab 2015","Insula","Insula","1.3575","1.4158","1.3867","1"
"CB1","Cannabinoid","[11C]OMAR","VT","none (arterial input)","77","30.0 (SD 8.9)","Normandin MD et al., J Cereb Blood Flow Metab 2015","Cingulum_Ant","Anterior Cingulate","1.4549","1.4201","1.4375","1"
"CB1","Cannabinoid","[11C]OMAR","VT","none (arterial input)","77","30.0 (SD 8.9)","Normandin MD et al., J Cereb Blood Flow Metab 2015","Cingulum_Mid","Middle Cingulate","1.3911","1.3369","1.364","1"
"CB1","Cannabinoid","[11C]OMAR","VT","none (arterial input)","77","30.0 (SD 8.9)","Normandin MD et al., J Cereb Blood Flow Metab 2015","Cingulum_Post","Posterior Cingulate","1.1644","1.037","1.1007","1"
"CB1","Cannabinoid","[11C]OMAR","VT","none (arterial input)","77","30.0 (SD 8.9)","Normandin MD et al., J Cereb Blood Flow Metab 2015","Hippocampus","Hippocampus","1.2614","1.2496","1.2555","1"
"CB1","Cannabinoid","[11C]OMAR","VT","none (arterial input)","77","30.0 (SD 8.9)","Normandin MD et al., J Cereb Blood Flow Metab 2015","ParaHippocampal","Parahippocampal Gyrus","1.261","1.3126","1.2868","1"
"CB1","Cannabinoid","[11C]OMAR","VT","none (arterial input)","77","30.0 (SD 8.9)","Normandin MD et al., J Cereb Blood Flow Metab 2015","Amygdala","Amygdala","1.4276","1.4045","1.416","1"
"CB1","Cannabinoid","[11C]OMAR","VT","none (arterial input)","77","30.0 (SD 8.9)","Normandin MD et al., J Cereb Blood Flow Metab 2015","Heschl","Heschl's Gyrus","1.2694","1.3041","1.2867","1"
"CB1","Cannabinoid","[11C]OMAR","VT","none (arterial input)","77","30.0 (SD 8.9)","Normandin MD et al., J Cereb Blood Flow Metab 2015","Temporal_Sup","Superior Temporal Gyrus","1.3758","1.3164","1.3461","1"
"CB1","Cannabinoid","[11C]OMAR","VT","none (arterial input)","77","30.0 (SD 8.9)","Normandin MD et al., J Cereb Blood Flow Metab 2015","Temporal_Pole_Sup","Temporal Pole, Superior","1.3546","1.3006","1.3276","1"
"CB1","Cannabinoid","[11C]OMAR","VT","none (arterial input)","77","30.0 (SD 8.9)","Normandin MD et al., J Cereb Blood Flow Metab 2015","Temporal_Mid","Middle Temporal Gyrus","1.3511","1.3125","1.3318","1"
"CB1","Cannabinoid","[11C]OMAR","VT","none (arterial input)","77","30.0 (SD 8.9)","Normandin MD et al., J Cereb Blood Flow Metab 2015","Temporal_Pole_Mid","Temporal Pole, Middle","1.4166","1.3645","1.3905","1"
"CB1","Cannabinoid","[11C]OMAR","VT","none (arterial input)","77","30.0 (SD 8.9)","Normandin MD et al., J Cereb Blood Flow Metab 2015","Temporal_Inf","Inferior Temporal Gyrus","1.3599","1.3537","1.3568","1"
"CB1","Cannabinoid","[11C]OMAR","VT","none (arterial input)","77","30.0 (SD 8.9)","Normandin MD et al., J Cereb Blood Flow Metab 2015","Postcentral","Postcentral Gyrus","1.2507","1.1932","1.222","1"
"CB1","Cannabinoid","[11C]OMAR","VT","none (arterial input)","77","30.0 (SD 8.9)","Normandin MD et al., J Cereb Blood Flow Metab 2015","Parietal_Sup","Superior Parietal Lobule","1.2414","1.2176","1.2295","1"
"CB1","Cannabinoid","[11C]OMAR","VT","none (arterial input)","77","30.0 (SD 8.9)","Normandin MD et al., J Cereb Blood Flow Metab 2015","Parietal_Inf","Inferior Parietal Lobule","1.3417","1.3026","1.3222","1"
"CB1","Cannabinoid","[11C]OMAR","VT","none (arterial input)","77","30.0 (SD 8.9)","Normandin MD et al., J Cereb Blood Flow Metab 2015","SupraMarginal","Supramarginal Gyrus","1.4204","1.3112","1.3658","1"
"CB1","Cannabinoid","[11C]OMAR","VT","none (arterial input)","77","30.0 (SD 8.9)","Normandin MD et al., J Cereb Blood Flow Metab 2015","Angular","Angular Gyrus","1.3545","1.3102","1.3323","1"
"CB1","Cannabinoid","[11C]OMAR","VT","none (arterial input)","77","30.0 (SD 8.9)","Normandin MD et al., J Cereb Blood Flow Metab 2015","Precuneus","Precuneus","1.2586","1.2241","1.2413","1"
"CB1","Cannabinoid","[11C]OMAR","VT","none (arterial input)","77","30.0 (SD 8.9)","Normandin MD et al., J Cereb Blood Flow Metab 2015","Paracentral_Lobule","Paracentral Lobule","1.152","1.172","1.162","1"
"CB1","Cannabinoid","[11C]OMAR","VT","none (arterial input)","77","30.0 (SD 8.9)","Normandin MD et al., J Cereb Blood Flow Metab 2015","Calcarine","Calcarine Cortex","1.1229","1.0793","1.1011","1"
"CB1","Cannabinoid","[11C]OMAR","VT","none (arterial input)","77","30.0 (SD 8.9)","Normandin MD et al., J Cereb Blood Flow Metab 2015","Cuneus","Cuneus","1.1913","1.167","1.1791","1"
"CB1","Cannabinoid","[11C]OMAR","VT","none (arterial input)","77","30.0 (SD 8.9)","Normandin MD et al., J Cereb Blood Flow Metab 2015","Lingual","Lingual Gyrus","1.1444","1.1177","1.131","1"
"CB1","Cannabinoid","[11C]OMAR","VT","none (arterial input)","77","30.0 (SD 8.9)","Normandin MD et al., J Cereb Blood Flow Metab 2015","Occipital_Sup","Superior Occipital Gyrus","1.2124","1.1997","1.206","1"
"CB1","Cannabinoid","[11C]OMAR","VT","none (arterial input)","77","30.0 (SD 8.9)","Normandin MD et al., J Cereb Blood Flow Metab 2015","Occipital_Mid","Middle Occipital Gyrus","1.269","1.2562","1.2626","1"
"CB1","Cannabinoid","[11C]OMAR","VT","none (arterial input)","77","30.0 (SD 8.9)","Normandin MD et al., J Cereb Blood Flow Metab 2015","Occipital_Inf","Inferior Occipital Gyrus","1.2584","1.2088","1.2336","1"
"CB1","Cannabinoid","[11C]OMAR","VT","none (arterial input)","77","30.0 (SD 8.9)","Normandin MD et al., J Cereb Blood Flow Metab 2015","Fusiform","Fusiform Gyrus","1.3269","1.3265","1.3267","1"
"CB1","Cannabinoid","[11C]OMAR","VT","none (arterial input)","77","30.0 (SD 8.9)","Normandin MD et al., J Cereb Blood Flow Metab 2015","Caudate","Caudate Nucleus","1.0684","1.0876","1.078","1"
"CB1","Cannabinoid","[11C]OMAR","VT","none (arterial input)","77","30.0 (SD 8.9)","Normandin MD et al., J Cereb Blood Flow Metab 2015","Putamen","Putamen","1.4378","1.4705","1.4541","1"
"CB1","Cannabinoid","[11C]OMAR","VT","none (arterial input)","77","30.0 (SD 8.9)","Normandin MD et al., J Cereb Blood Flow Metab 2015","Pallidum","Globus Pallidus","1.5881","1.6577","1.6229","1"
"CB1","Cannabinoid","[11C]OMAR","VT","none (arterial input)","77","30.0 (SD 8.9)","Normandin MD et al., J Cereb Blood Flow Metab 2015","Thalamus","Thalamus","0.9986","1.014","1.0063","1"
"μ-opioid","Opioid","[11C]carfentanil","BPND","occipital cortex","204","32.3 (SD 10.8)","Kantonen T et al., NeuroImage 2020","Precentral","Precentral Gyrus","15.7059","13.6632","14.6846","1"
"μ-opioid","Opioid","[11C]carfentanil","BPND","occipital cortex","204","32.3 (SD 10.8)","Kantonen T et al., NeuroImage 2020","Frontal_Sup","Superior Frontal Gyrus","18.0298","19.6242","18.827","1"
"μ-opioid","Opioid","[11C]carfentanil","BPND","occipital cortex","204","32.3 (SD 10.8)","Kantonen T et al., NeuroImage 2020","Frontal_Sup_Orb","Superior Frontal Gyrus, Orbital","27.0852","26.8751","26.9801","1"
"μ-opioid","Opioid","[11C]carfentanil","BPND","occipital cortex","204","32.3 (SD 10.8)","Kantonen T et al., NeuroImage 2020","Frontal_Mid","Middle Frontal Gyrus","21.0418","22.265","21.6534","1"
"μ-opioid","Opioid","[11C]carfentanil","BPND","occipital cortex","204","32.3 (SD 10.8)","Kantonen T et al., NeuroImage 2020","Frontal_Mid_Orb","Middle Frontal Gyrus, Orbital","25.7495","26.4248","26.0871","1"
"μ-opioid","Opioid","[11C]carfentanil","BPND","occipital cortex","204","32.3 (SD 10.8)","Kantonen T et al., NeuroImage 2020","Frontal_Inf_Oper","Inferior Frontal Gyrus, Opercular","21.6679","21.7971","21.7325","1"
"μ-opioid","Opioid","[11C]carfentanil","BPND","occipital cortex","204","32.3 (SD 10.8)","Kantonen T et al., NeuroImage 2020","Frontal_Inf_Tri","Inferior Frontal Gyrus, Triangular","20.4488","18.1407","19.2947","1"
"μ-opioid","Opioid","[11C]carfentanil","BPND","occipital cortex","204","32.3 (SD 10.8)","Kantonen T et al., NeuroImage 2020","Frontal_Inf_Orb","Inferior Frontal Gyrus, Orbital","25.1828","23.0808","24.1318","1"
"μ-opioid","Opioid","[11C]carfentanil","BPND","occipital cortex","204","32.3 (SD 10.8)","Kantonen T et al., NeuroImage 2020","Rolandic_Oper","Rolandic Operculum","21.0819","20.6173","20.8496","1"
"μ-opioid","Opioid","[11C]carfentanil","BPND","occipital cortex","204","32.3 (SD 10.8)","Kantonen T et al., NeuroImage 2020","Supp_Motor_Area","Supplementary Motor Area","20.406","19.8626","20.1343","1"
"μ-opioid","Opioid","[11C]carfentanil","BPND","occipital cortex","204","32.3 (SD 10.8)","Kantonen T et al., NeuroImage 2020","Olfactory","Olfactory Cortex","37.0254","34.4437","35.7345","1"
"μ-opioid","Opioid","[11C]carfentanil","BPND","occipital cortex","204","32.3 (SD 10.8)","Kantonen T et al., NeuroImage 2020","Frontal_Sup_Medial","Superior Frontal Gyrus, Medial","20.5611","21.8756","21.2183","1"
"μ-opioid","Opioid","[11C]carfentanil","BPND","occipital cortex","204","32.3 (SD 10.8)","Kantonen T et al., NeuroImage 2020","Frontal_Med_Orb","Medial Orbitofrontal Cortex","26.3671","29.2786","27.8229","1"
"μ-opioid","Opioid","[11C]carfentanil","BPND","occipital cortex","204","32.3 (SD 10.8)","Kantonen T et al., NeuroImage 2020","Rectus","Gyrus Rectus","30.7311","31.9205","31.3258","1"
"μ-opioid","Opioid","[11C]carfentanil","BPND","occipital cortex","204","32.3 (SD 10.8)","Kantonen T et al., NeuroImage 2020","Insula","Insula","29.5639","30.6848","30.1244","1"
"μ-opioid","Opioid","[11C]carfentanil","BPND","occipital cortex","204","32.3 (SD 10.8)","Kantonen T et al., NeuroImage 2020","Cingulum_Ant","Anterior Cingulate","35.7492","35.049","35.3991","1"
"μ-opioid","Opioid","[11C]carfentanil","BPND","occipital cortex","204","32.3 (SD 10.8)","Kantonen T et al., NeuroImage 2020","Cingulum_Mid","Middle Cingulate","28.3374","30.0823","29.2099","1"
"μ-opioid","Opioid","[11C]carfentanil","BPND","occipital cortex","204","32.3 (SD 10.8)","Kantonen T et al., NeuroImage 2020","Cingulum_Post","Posterior Cingulate","14.9862","10.8638","12.925","1"
"μ-opioid","Opioid","[11C]carfentanil","BPND","occipital cortex","204","32.3 (SD 10.8)","Kantonen T et al., NeuroImage 2020","Hippocampus","Hippocampus","19.914","17.4068","18.6604","1"
"μ-opioid","Opioid","[11C]carfentanil","BPND","occipital cortex","204","32.3 (SD 10.8)","Kantonen T et al., NeuroImage 2020","ParaHippocampal","Parahippocampal Gyrus","15.8902","17.2418","16.566","1"
"μ-opioid","Opioid","[11C]carfentanil","BPND","occipital cortex","204","32.3 (SD 10.8)","Kantonen T et al., NeuroImage 2020","Amygdala","Amygdala","38.0574","35.3012","36.6793","1"
"μ-opioid","Opioid","[11C]carfentanil","BPND","occipital cortex","204","32.3 (SD 10.8)","Kantonen T et al., NeuroImage 2020","Heschl","Heschl's Gyrus","19.8779","18.3518","19.1149","1"
"μ-opioid","Opioid","[11C]carfentanil","BPND","occipital cortex","204","32.3 (SD 10.8)","Kantonen T et al., NeuroImage 2020","Temporal_Sup","Superior Temporal Gyrus","20.9392","17.6995","19.3193","1"
"μ-opioid","Opioid","[11C]carfentanil","BPND","occipital cortex","204","32.3 (SD 10.8)","Kantonen T et al., NeuroImage 2020","Temporal_Pole_Sup","Temporal Pole, Superior","17.1941","16.4089","16.8015","1"
"μ-opioid","Opioid","[11C]carfentanil","BPND","occipital cortex","204","32.3 (SD 10.8)","Kantonen T et al., NeuroImage 2020","Temporal_Mid","Middle Temporal Gyrus","21.5454","21.7879","21.6666","1"
"μ-opioid","Opioid","[11C]carfentanil","BPND","occipital cortex","204","32.3 (SD 10.8)","Kantonen T et al., NeuroImage 2020","Temporal_Pole_Mid","Temporal Pole, Middle","22.252","19.1024","20.6772","1"
"μ-opioid","Opioid","[11C]carfentanil","BPND","occipital cortex","204","32.3 (SD 10.8)","Kantonen T et al., NeuroImage 2020","Temporal_Inf","Inferior Temporal Gyrus","23.4564","22.5965","23.0264","1"
"μ-opioid","Opioid","[11C]carfentanil","BPND","occipital cortex","204","32.3 (SD 10.8)","Kantonen T et al., NeuroImage 2020","Postcentral","Postcentral Gyrus","11.1119","10.9042","11.0081","1"
"μ-opioid","Opioid","[11C]carfentanil","BPND","occipital cortex","204","32.3 (SD 10.8)","Kantonen T et al., NeuroImage 2020","Parietal_Sup","Superior Parietal Lobule","12.0388","10.6557","11.3473","1"
"μ-opioid","Opioid","[11C]carfentanil","BPND","occipital cortex","204","32.3 (SD 10.8)","Kantonen T et al., NeuroImage 2020","Parietal_Inf","Inferior Parietal Lobule","19.8397","19.2185","19.5291","1"
"μ-opioid","Opioid","[11C]carfentanil","BPND","occipital cortex","204","32.3 (SD 10.8)","Kantonen T et al., NeuroImage 2020","SupraMarginal","Supramarginal Gyrus","23.9633","23.0492","23.5063","1"
"μ-opioid","Opioid","[11C]carfentanil","BPND","occipital cortex","204","32.3 (SD 10.8)","Kantonen T et al., NeuroImage 2020","Angular","Angular Gyrus","21.3636","18.7264","20.045","1"
"μ-opioid","Opioid","[11C]carfentanil","BPND","occipital cortex","204","32.3 (SD 10.8)","Kantonen T et al., NeuroImage 2020","Precuneus","Precuneus","15.2577","15.1013","15.1795","1"
"μ-opioid","Opioid","[11C]carfentanil","BPND","occipital cortex","204","32.3 (SD 10.8)","Kantonen T et al., NeuroImage 2020","Paracentral_Lobule","Paracentral Lobule","9.6707","8.8755","9.2731","1"
"μ-opioid","Opioid","[11C]carfentanil","BPND","occipital cortex","204","32.3 (SD 10.8)","Kantonen T et al., NeuroImage 2020","Calcarine","Calcarine Cortex","2.9358","2.9869","2.9613","1"
"μ-opioid","Opioid","[11C]carfentanil","BPND","occipital cortex","204","32.3 (SD 10.8)","Kantonen T et al., NeuroImage 2020","Cuneus","Cuneus","5.1731","5.1621","5.1676","0.99"
"μ-opioid","Opioid","[11C]carfentanil","BPND","occipital cortex","204","32.3 (SD 10.8)","Kantonen T et al., NeuroImage 2020","Lingual","Lingual Gyrus","4.1008","3.2711","3.686","1"
"μ-opioid","Opioid","[11C]carfentanil","BPND","occipital cortex","204","32.3 (SD 10.8)","Kantonen T et al., NeuroImage 2020","Occipital_Sup","Superior Occipital Gyrus","5.4929","6.2428","5.8678","1"
"μ-opioid","Opioid","[11C]carfentanil","BPND","occipital cortex","204","32.3 (SD 10.8)","Kantonen T et al., NeuroImage 2020","Occipital_Mid","Middle Occipital Gyrus","10.8322","11.0329","10.9325","1"
"μ-opioid","Opioid","[11C]carfentanil","BPND","occipital cortex","204","32.3 (SD 10.8)","Kantonen T et al., NeuroImage 2020","Occipital_Inf","Inferior Occipital Gyrus","10.0458","6.0761","8.061","1"
"μ-opioid","Opioid","[11C]carfentanil","BPND","occipital cortex","204","32.3 (SD 10.8)","Kantonen T et al., NeuroImage 2020","Fusiform","Fusiform Gyrus","18.3616","17.8613","18.1115","1"
"μ-opioid","Opioid","[11C]carfentanil","BPND","occipital cortex","204","32.3 (SD 10.8)","Kantonen T et al., NeuroImage 2020","Caudate","Caudate Nucleus","29.1227","31.8587","30.4907","1"
"μ-opioid","Opioid","[11C]carfentanil","BPND","occipital cortex","204","32.3 (SD 10.8)","Kantonen T et al., NeuroImage 2020","Putamen","Putamen","39.3815","37.5306","38.4561","1"
"μ-opioid","Opioid","[11C]carfentanil","BPND","occipital cortex","204","32.3 (SD 10.8)","Kantonen T et al., NeuroImage 2020","Pallidum","Globus Pallidus","31.6074","28.8515","30.2295","1"
"μ-opioid","Opioid","[11C]carfentanil","BPND","occipital cortex","204","32.3 (SD 10.8)","Kantonen T et al., NeuroImage 2020","Thalamus","Thalamus","45.9186","50.2514","48.085","1"
